Tempo relativo (ms) , Temperatura (C), Umidita (%), Pressione (hPa)
1155 ,    298.77 K ,    34.7 % ,    98.667 kPa
2161 ,    298.74 K ,    34.7 % ,    98.663 kPa
3168 ,    298.73 K ,    34.7 % ,    98.661 kPa
4173 ,    298.71 K ,    34.7 % ,    98.658 kPa
5180 ,    298.70 K ,    34.7 % ,    98.656 kPa
6187 ,    298.70 K ,    34.7 % ,    98.657 kPa
7193 ,    298.69 K ,    34.7 % ,    98.655 kPa
8199 ,    298.69 K ,    34.7 % ,    98.653 kPa
9205 ,    298.68 K ,    34.7 % ,    98.647 kPa
10212 ,    298.66 K ,    34.8 % ,    98.644 kPa
11218 ,    298.64 K ,    34.8 % ,    98.637 kPa
12224 ,    298.63 K ,    34.8 % ,    98.637 kPa
13231 ,    298.63 K ,    34.8 % ,    98.635 kPa
14237 ,    298.61 K ,    34.8 % ,    98.632 kPa
15244 ,    298.61 K ,    34.8 % ,    98.630 kPa
16250 ,    298.62 K ,    34.8 % ,    98.630 kPa
17256 ,    298.61 K ,    34.9 % ,    98.631 kPa
18263 ,    298.58 K ,    34.9 % ,    98.625 kPa
19269 ,    298.58 K ,    34.9 % ,    98.623 kPa
20276 ,    298.57 K ,    34.9 % ,    98.617 kPa
21282 ,    298.56 K ,    34.9 % ,    98.615 kPa
22288 ,    298.55 K ,    34.9 % ,    98.616 kPa
23294 ,    298.55 K ,    34.9 % ,    98.614 kPa
24301 ,    298.54 K ,    34.9 % ,    98.611 kPa
25308 ,    298.52 K ,    35.0 % ,    98.609 kPa
26314 ,    298.52 K ,    35.0 % ,    98.608 kPa
27320 ,    298.52 K ,    35.0 % ,    98.607 kPa
28326 ,    298.52 K ,    35.0 % ,    98.604 kPa
29333 ,    298.52 K ,    35.0 % ,    98.604 kPa
30340 ,    298.48 K ,    35.0 % ,    98.596 kPa
31346 ,    298.48 K ,    35.0 % ,    98.596 kPa
32352 ,    298.48 K ,    35.0 % ,    98.592 kPa
33358 ,    298.47 K ,    35.1 % ,    98.593 kPa
34365 ,    298.47 K ,    35.1 % ,    98.590 kPa
35372 ,    298.47 K ,    35.1 % ,    98.590 kPa
36378 ,    298.48 K ,    35.1 % ,    98.590 kPa
37384 ,    298.45 K ,    35.1 % ,    98.584 kPa
38390 ,    298.43 K ,    35.1 % ,    98.575 kPa
39397 ,    298.42 K ,    35.1 % ,    98.572 kPa
40403 ,    298.42 K ,    35.1 % ,    98.571 kPa
41410 ,    298.41 K ,    35.2 % ,    98.574 kPa
42416 ,    298.41 K ,    35.2 % ,    98.574 kPa
43422 ,    298.42 K ,    35.2 % ,    98.571 kPa
44429 ,    298.41 K ,    35.2 % ,    98.570 kPa
45435 ,    298.38 K ,    35.2 % ,    98.567 kPa
46442 ,    298.37 K ,    35.2 % ,    98.559 kPa
47448 ,    298.36 K ,    35.2 % ,    98.558 kPa
48454 ,    298.36 K ,    35.3 % ,    98.557 kPa
49461 ,    298.37 K ,    35.3 % ,    98.552 kPa
50467 ,    298.37 K ,    35.3 % ,    98.558 kPa
51474 ,    298.36 K ,    35.3 % ,    98.552 kPa
52480 ,    298.32 K ,    35.3 % ,    98.543 kPa
53486 ,    298.31 K ,    35.3 % ,    98.541 kPa
54493 ,    298.31 K ,    35.3 % ,    98.542 kPa
55499 ,    298.31 K ,    35.3 % ,    98.543 kPa
56506 ,    298.31 K ,    35.3 % ,    98.541 kPa
57511 ,    298.31 K ,    35.4 % ,    98.540 kPa
58518 ,    298.30 K ,    35.4 % ,    98.539 kPa
59525 ,    298.28 K ,    35.4 % ,    98.535 kPa
60531 ,    298.28 K ,    35.4 % ,    98.530 kPa
61538 ,    298.28 K ,    35.4 % ,    98.531 kPa
62543 ,    298.27 K ,    35.4 % ,    98.527 kPa
63550 ,    298.26 K ,    35.4 % ,    98.525 kPa
64557 ,    298.25 K ,    35.4 % ,    98.523 kPa
65563 ,    298.23 K ,    35.5 % ,    98.522 kPa
66570 ,    298.24 K ,    35.5 % ,    98.518 kPa
67575 ,    298.22 K ,    35.5 % ,    98.513 kPa
68582 ,    298.21 K ,    35.5 % ,    98.510 kPa
69588 ,    298.19 K ,    35.5 % ,    98.509 kPa
70595 ,    298.21 K ,    35.5 % ,    98.509 kPa
71602 ,    298.22 K ,    35.5 % ,    98.513 kPa
72607 ,    298.21 K ,    35.6 % ,    98.510 kPa
73614 ,    298.19 K ,    35.6 % ,    98.504 kPa
74620 ,    298.18 K ,    35.6 % ,    98.501 kPa
75627 ,    298.18 K ,    35.6 % ,    98.504 kPa
76634 ,    298.17 K ,    35.6 % ,    98.496 kPa
77639 ,    298.15 K ,    35.6 % ,    98.492 kPa
78646 ,    298.14 K ,    35.6 % ,    98.488 kPa
79652 ,    298.14 K ,    35.7 % ,    98.490 kPa
80659 ,    298.14 K ,    35.7 % ,    98.485 kPa
81665 ,    298.11 K ,    35.7 % ,    98.483 kPa
82671 ,    298.12 K ,    35.7 % ,    98.482 kPa
83678 ,    298.13 K ,    35.7 % ,    98.481 kPa
84684 ,    298.12 K ,    35.7 % ,    98.478 kPa
85691 ,    298.11 K ,    35.7 % ,    98.476 kPa
86696 ,    298.09 K ,    35.7 % ,    98.470 kPa
87703 ,    298.08 K ,    35.7 % ,    98.473 kPa
88710 ,    298.09 K ,    35.8 % ,    98.474 kPa
89716 ,    298.06 K ,    35.8 % ,    98.470 kPa
90723 ,    298.06 K ,    35.8 % ,    98.466 kPa
91728 ,    298.05 K ,    35.8 % ,    98.460 kPa
92735 ,    298.06 K ,    35.8 % ,    98.464 kPa
93742 ,    298.06 K ,    35.8 % ,    98.460 kPa
94748 ,    298.05 K ,    35.8 % ,    98.461 kPa
95755 ,    298.04 K ,    35.8 % ,    98.457 kPa
96760 ,    298.04 K ,    35.9 % ,    98.459 kPa
97767 ,    298.03 K ,    35.8 % ,    98.458 kPa
98774 ,    298.02 K ,    35.9 % ,    98.454 kPa
99780 ,    298.00 K ,    35.9 % ,    98.452 kPa
100787 ,    297.99 K ,    35.9 % ,    98.448 kPa
101792 ,    297.98 K ,    35.9 % ,    98.448 kPa
102799 ,    297.98 K ,    35.9 % ,    98.446 kPa
103805 ,    297.97 K ,    35.9 % ,    98.445 kPa
104812 ,    297.97 K ,    35.9 % ,    98.442 kPa
105819 ,    297.96 K ,    35.9 % ,    98.443 kPa
106825 ,    297.96 K ,    36.0 % ,    98.440 kPa
107831 ,    297.96 K ,    36.0 % ,    98.438 kPa
108837 ,    297.96 K ,    36.0 % ,    98.439 kPa
109844 ,    297.94 K ,    36.0 % ,    98.436 kPa
110851 ,    297.93 K ,    35.9 % ,    98.433 kPa
111857 ,    297.93 K ,    36.0 % ,    98.429 kPa
112864 ,    297.92 K ,    36.0 % ,    98.429 kPa
113870 ,    297.91 K ,    36.0 % ,    98.426 kPa
114876 ,    297.89 K ,    36.0 % ,    98.426 kPa
115883 ,    297.90 K ,    36.1 % ,    98.426 kPa
116889 ,    297.90 K ,    36.1 % ,    98.421 kPa
117896 ,    297.90 K ,    36.1 % ,    98.422 kPa
118902 ,    297.87 K ,    36.1 % ,    98.417 kPa
119909 ,    297.88 K ,    36.1 % ,    98.417 kPa
120914 ,    297.88 K ,    36.1 % ,    98.418 kPa
121921 ,    297.87 K ,    36.2 % ,    98.416 kPa
122928 ,    297.86 K ,    36.1 % ,    98.408 kPa
123934 ,    297.85 K ,    36.1 % ,    98.408 kPa
124941 ,    297.84 K ,    36.2 % ,    98.406 kPa
125947 ,    297.84 K ,    36.2 % ,    98.406 kPa
126953 ,    297.83 K ,    36.2 % ,    98.405 kPa
127960 ,    297.82 K ,    36.2 % ,    98.400 kPa
128966 ,    297.81 K ,    36.2 % ,    98.398 kPa
129973 ,    297.81 K ,    36.2 % ,    98.393 kPa
130979 ,    297.81 K ,    36.2 % ,    98.396 kPa
131986 ,    297.82 K ,    36.2 % ,    98.396 kPa
132992 ,    297.81 K ,    36.3 % ,    98.393 kPa
133998 ,    297.78 K ,    36.3 % ,    98.389 kPa
135005 ,    297.78 K ,    36.3 % ,    98.385 kPa
136011 ,    297.79 K ,    36.3 % ,    98.388 kPa
137018 ,    297.78 K ,    36.3 % ,    98.386 kPa
138024 ,    297.78 K ,    36.3 % ,    98.386 kPa
139031 ,    297.77 K ,    36.3 % ,    98.382 kPa
140037 ,    297.76 K ,    36.3 % ,    98.379 kPa
141043 ,    297.75 K ,    36.4 % ,    98.374 kPa
142050 ,    297.75 K ,    36.4 % ,    98.378 kPa
143056 ,    297.74 K ,    36.4 % ,    98.375 kPa
144063 ,    297.74 K ,    36.4 % ,    98.379 kPa
145070 ,    297.74 K ,    36.4 % ,    98.375 kPa
146075 ,    297.72 K ,    36.4 % ,    98.375 kPa
147082 ,    297.71 K ,    36.4 % ,    98.372 kPa
148088 ,    297.71 K ,    36.4 % ,    98.365 kPa
149095 ,    297.71 K ,    36.4 % ,    98.365 kPa
150102 ,    297.70 K ,    36.4 % ,    98.360 kPa
151108 ,    297.70 K ,    36.5 % ,    98.363 kPa
152114 ,    297.68 K ,    36.4 % ,    98.359 kPa
153120 ,    297.67 K ,    36.5 % ,    98.357 kPa
154127 ,    297.66 K ,    36.5 % ,    98.352 kPa
155133 ,    297.67 K ,    36.5 % ,    98.351 kPa
156140 ,    297.66 K ,    36.5 % ,    98.353 kPa
157147 ,    297.66 K ,    36.5 % ,    98.351 kPa
158153 ,    297.64 K ,    36.5 % ,    98.345 kPa
159159 ,    297.63 K ,    36.6 % ,    98.343 kPa
160165 ,    297.62 K ,    36.5 % ,    98.346 kPa
161172 ,    297.62 K ,    36.5 % ,    98.343 kPa
162179 ,    297.61 K ,    36.3 % ,    98.344 kPa
163185 ,    297.62 K ,    36.6 % ,    98.346 kPa
164192 ,    297.60 K ,    36.6 % ,    98.340 kPa
165197 ,    297.60 K ,    36.6 % ,    98.343 kPa
166204 ,    297.58 K ,    36.6 % ,    98.335 kPa
167211 ,    297.57 K ,    36.6 % ,    98.332 kPa
168217 ,    297.57 K ,    36.6 % ,    98.331 kPa
169224 ,    297.57 K ,    36.6 % ,    98.331 kPa
170230 ,    297.57 K ,    36.7 % ,    98.328 kPa
171236 ,    297.56 K ,    36.6 % ,    98.327 kPa
172242 ,    297.55 K ,    36.7 % ,    98.324 kPa
173249 ,    297.54 K ,    36.7 % ,    98.323 kPa
174256 ,    297.53 K ,    36.7 % ,    98.320 kPa
175262 ,    297.53 K ,    36.7 % ,    98.319 kPa
176269 ,    297.52 K ,    36.7 % ,    98.316 kPa
177274 ,    297.53 K ,    36.7 % ,    98.317 kPa
178281 ,    297.53 K ,    36.7 % ,    98.317 kPa
179288 ,    297.51 K ,    36.7 % ,    98.311 kPa
180294 ,    297.51 K ,    36.8 % ,    98.315 kPa
181301 ,    297.50 K ,    36.8 % ,    98.312 kPa
182307 ,    297.49 K ,    36.8 % ,    98.312 kPa
183314 ,    297.48 K ,    36.8 % ,    98.311 kPa
184320 ,    297.50 K ,    36.8 % ,    98.309 kPa
185326 ,    297.50 K ,    36.8 % ,    98.309 kPa
186333 ,    297.49 K ,    36.8 % ,    98.307 kPa
187339 ,    297.48 K ,    36.8 % ,    98.308 kPa
188346 ,    297.47 K ,    36.8 % ,    98.304 kPa
189352 ,    297.46 K ,    36.9 % ,    98.303 kPa
190358 ,    297.45 K ,    36.9 % ,    98.299 kPa
191365 ,    297.46 K ,    36.9 % ,    98.300 kPa
192371 ,    297.46 K ,    36.9 % ,    98.301 kPa
193378 ,    297.45 K ,    36.9 % ,    98.297 kPa
194384 ,    297.44 K ,    36.9 % ,    98.294 kPa
195391 ,    297.45 K ,    36.9 % ,    98.293 kPa
196397 ,    297.44 K ,    36.9 % ,    98.292 kPa
197403 ,    297.43 K ,    36.9 % ,    98.292 kPa
198410 ,    297.42 K ,    36.9 % ,    98.285 kPa
199416 ,    297.41 K ,    37.0 % ,    98.285 kPa
200423 ,    297.40 K ,    37.0 % ,    98.284 kPa
201430 ,    297.40 K ,    37.0 % ,    98.283 kPa
202435 ,    297.39 K ,    37.0 % ,    98.284 kPa
203442 ,    297.39 K ,    37.0 % ,    98.283 kPa
204448 ,    297.39 K ,    37.0 % ,    98.279 kPa
205455 ,    297.38 K ,    37.0 % ,    98.278 kPa
206461 ,    297.36 K ,    37.0 % ,    98.272 kPa
207468 ,    297.36 K ,    37.0 % ,    98.272 kPa
208474 ,    297.35 K ,    37.1 % ,    98.270 kPa
209480 ,    297.35 K ,    37.1 % ,    98.270 kPa
210487 ,    297.34 K ,    37.1 % ,    98.268 kPa
211493 ,    297.33 K ,    37.1 % ,    98.268 kPa
212500 ,    297.33 K ,    37.1 % ,    98.267 kPa
213507 ,    297.32 K ,    37.1 % ,    98.263 kPa
214512 ,    297.32 K ,    37.1 % ,    98.261 kPa
215519 ,    297.32 K ,    37.1 % ,    98.265 kPa
216525 ,    297.31 K ,    37.1 % ,    98.261 kPa
217532 ,    297.31 K ,    37.2 % ,    98.257 kPa
218539 ,    297.30 K ,    37.2 % ,    98.259 kPa
219545 ,    297.30 K ,    37.2 % ,    98.257 kPa
220552 ,    297.29 K ,    37.2 % ,    98.255 kPa
221557 ,    297.28 K ,    37.2 % ,    98.256 kPa
222564 ,    297.28 K ,    37.2 % ,    98.252 kPa
223570 ,    297.27 K ,    37.2 % ,    98.247 kPa
224577 ,    297.27 K ,    37.2 % ,    98.251 kPa
225584 ,    297.27 K ,    37.2 % ,    98.247 kPa
226590 ,    297.26 K ,    37.2 % ,    98.247 kPa
227596 ,    297.25 K ,    37.3 % ,    98.244 kPa
228602 ,    297.24 K ,    37.3 % ,    98.244 kPa
229609 ,    297.23 K ,    37.3 % ,    98.243 kPa
230616 ,    297.22 K ,    37.3 % ,    98.240 kPa
231622 ,    297.22 K ,    37.3 % ,    98.236 kPa
232629 ,    297.22 K ,    37.3 % ,    98.238 kPa
233634 ,    297.22 K ,    37.3 % ,    98.238 kPa
234641 ,    297.23 K ,    37.3 % ,    98.237 kPa
235648 ,    297.22 K ,    37.3 % ,    98.240 kPa
236654 ,    297.21 K ,    37.3 % ,    98.233 kPa
237661 ,    297.21 K ,    37.3 % ,    98.236 kPa
238667 ,    297.21 K ,    37.3 % ,    98.236 kPa
239673 ,    297.20 K ,    37.4 % ,    98.229 kPa
240679 ,    297.19 K ,    37.4 % ,    98.225 kPa
241686 ,    297.17 K ,    37.4 % ,    98.219 kPa
242693 ,    297.16 K ,    37.4 % ,    98.219 kPa
243699 ,    297.16 K ,    37.4 % ,    98.215 kPa
244706 ,    297.15 K ,    37.4 % ,    98.214 kPa
245712 ,    297.15 K ,    37.4 % ,    98.216 kPa
246718 ,    297.15 K ,    37.4 % ,    98.211 kPa
247725 ,    297.14 K ,    37.4 % ,    98.210 kPa
248731 ,    297.14 K ,    37.5 % ,    98.209 kPa
249738 ,    297.14 K ,    37.5 % ,    98.210 kPa
250744 ,    297.14 K ,    37.5 % ,    98.209 kPa
251751 ,    297.13 K ,    37.5 % ,    98.205 kPa
252756 ,    297.12 K ,    37.5 % ,    98.203 kPa
253763 ,    297.13 K ,    37.5 % ,    98.203 kPa
254770 ,    297.11 K ,    37.5 % ,    98.201 kPa
255776 ,    297.11 K ,    37.5 % ,    98.200 kPa
256783 ,    297.11 K ,    37.5 % ,    98.199 kPa
257789 ,    297.10 K ,    37.5 % ,    98.198 kPa
258796 ,    297.10 K ,    37.5 % ,    98.196 kPa
259802 ,    297.10 K ,    37.6 % ,    98.197 kPa
260808 ,    297.10 K ,    37.6 % ,    98.198 kPa
261815 ,    297.10 K ,    37.6 % ,    98.196 kPa
262821 ,    297.06 K ,    37.6 % ,    98.191 kPa
263828 ,    297.06 K ,    37.6 % ,    98.191 kPa
264835 ,    297.05 K ,    37.6 % ,    98.186 kPa
265840 ,    297.04 K ,    37.6 % ,    98.185 kPa
266847 ,    297.04 K ,    37.6 % ,    98.185 kPa
267853 ,    297.05 K ,    37.6 % ,    98.185 kPa
268860 ,    297.04 K ,    37.6 % ,    98.182 kPa
269867 ,    297.04 K ,    37.6 % ,    98.185 kPa
270873 ,    297.04 K ,    37.7 % ,    98.181 kPa
271880 ,    297.03 K ,    37.6 % ,    98.179 kPa
272885 ,    297.02 K ,    37.7 % ,    98.178 kPa
273892 ,    297.02 K ,    37.7 % ,    98.178 kPa
274898 ,    297.02 K ,    37.7 % ,    98.177 kPa
275905 ,    297.00 K ,    37.7 % ,    98.175 kPa
276912 ,    297.00 K ,    37.7 % ,    98.173 kPa
277918 ,    297.00 K ,    37.7 % ,    98.177 kPa
278924 ,    296.99 K ,    37.7 % ,    98.173 kPa
279930 ,    297.00 K ,    37.7 % ,    98.175 kPa
280937 ,    296.99 K ,    37.7 % ,    98.172 kPa
281944 ,    296.98 K ,    37.7 % ,    98.171 kPa
282950 ,    296.98 K ,    37.8 % ,    98.173 kPa
283957 ,    296.95 K ,    37.8 % ,    98.166 kPa
284962 ,    296.95 K ,    37.8 % ,    98.165 kPa
285969 ,    296.96 K ,    37.8 % ,    98.166 kPa
286976 ,    296.95 K ,    37.8 % ,    98.164 kPa
287982 ,    296.95 K ,    37.8 % ,    98.163 kPa
288989 ,    296.95 K ,    37.8 % ,    98.160 kPa
289995 ,    296.94 K ,    37.8 % ,    98.164 kPa
291002 ,    296.92 K ,    37.8 % ,    98.156 kPa
292007 ,    296.92 K ,    37.8 % ,    98.155 kPa
293014 ,    296.92 K ,    37.8 % ,    98.153 kPa
294021 ,    296.91 K ,    37.9 % ,    98.151 kPa
295027 ,    296.91 K ,    37.9 % ,    98.154 kPa
296034 ,    296.90 K ,    37.9 % ,    98.153 kPa
297040 ,    296.91 K ,    37.9 % ,    98.150 kPa
298046 ,    296.91 K ,    37.9 % ,    98.150 kPa
299053 ,    296.89 K ,    37.9 % ,    98.149 kPa
300059 ,    296.89 K ,    37.9 % ,    98.146 kPa
301066 ,    296.87 K ,    37.9 % ,    98.139 kPa
302072 ,    296.88 K ,    37.9 % ,    98.141 kPa
303079 ,    296.87 K ,    37.9 % ,    98.139 kPa
304084 ,    296.87 K ,    37.9 % ,    98.140 kPa
305091 ,    296.87 K ,    38.0 % ,    98.139 kPa
306098 ,    296.87 K ,    38.0 % ,    98.138 kPa
307104 ,    296.85 K ,    38.0 % ,    98.137 kPa
308111 ,    296.86 K ,    38.0 % ,    98.136 kPa
309117 ,    296.84 K ,    38.0 % ,    98.133 kPa
310124 ,    296.84 K ,    38.0 % ,    98.133 kPa
311130 ,    296.83 K ,    38.0 % ,    98.134 kPa
312136 ,    296.83 K ,    38.0 % ,    98.132 kPa
313143 ,    296.84 K ,    38.0 % ,    98.133 kPa
314149 ,    296.83 K ,    38.0 % ,    98.133 kPa
315156 ,    296.82 K ,    38.0 % ,    98.132 kPa
316163 ,    296.82 K ,    38.1 % ,    98.129 kPa
317168 ,    296.81 K ,    38.1 % ,    98.127 kPa
318175 ,    296.80 K ,    38.1 % ,    98.124 kPa
319181 ,    296.79 K ,    38.1 % ,    98.121 kPa
320188 ,    296.81 K ,    38.1 % ,    98.125 kPa
321195 ,    296.81 K ,    38.1 % ,    98.121 kPa
322201 ,    296.80 K ,    38.1 % ,    98.121 kPa
323207 ,    296.80 K ,    38.1 % ,    98.121 kPa
324213 ,    296.79 K ,    38.1 % ,    98.119 kPa
325220 ,    296.79 K ,    38.1 % ,    98.120 kPa
326226 ,    296.78 K ,    38.1 % ,    98.119 kPa
327233 ,    296.78 K ,    38.1 % ,    98.115 kPa
328240 ,    296.77 K ,    38.1 % ,    98.113 kPa
329246 ,    296.77 K ,    38.2 % ,    98.115 kPa
330252 ,    296.78 K ,    38.2 % ,    98.114 kPa
331258 ,    296.77 K ,    38.2 % ,    98.115 kPa
332265 ,    296.76 K ,    38.2 % ,    98.112 kPa
333272 ,    296.76 K ,    38.2 % ,    98.110 kPa
334278 ,    296.73 K ,    38.2 % ,    98.103 kPa
335285 ,    296.73 K ,    38.2 % ,    98.104 kPa
336290 ,    296.73 K ,    38.2 % ,    98.106 kPa
337297 ,    296.74 K ,    38.2 % ,    98.103 kPa
338304 ,    296.74 K ,    38.2 % ,    98.103 kPa
339310 ,    296.73 K ,    38.2 % ,    98.102 kPa
340317 ,    296.73 K ,    38.2 % ,    98.103 kPa
341323 ,    296.70 K ,    38.2 % ,    98.094 kPa
342329 ,    296.70 K ,    38.3 % ,    98.095 kPa
343335 ,    296.69 K ,    38.3 % ,    98.095 kPa
344342 ,    296.70 K ,    38.3 % ,    98.096 kPa
345349 ,    296.70 K ,    38.3 % ,    98.097 kPa
346355 ,    296.70 K ,    38.3 % ,    98.095 kPa
347362 ,    296.70 K ,    38.3 % ,    98.096 kPa
348368 ,    296.68 K ,    38.3 % ,    98.091 kPa
349374 ,    296.68 K ,    38.3 % ,    98.093 kPa
350381 ,    296.67 K ,    38.3 % ,    98.093 kPa
351387 ,    296.67 K ,    38.3 % ,    98.090 kPa
352394 ,    296.67 K ,    38.3 % ,    98.092 kPa
353400 ,    296.66 K ,    38.4 % ,    98.089 kPa
354407 ,    296.65 K ,    38.4 % ,    98.086 kPa
355412 ,    296.65 K ,    38.4 % ,    98.084 kPa
356419 ,    296.66 K ,    38.4 % ,    98.085 kPa
357426 ,    296.65 K ,    38.4 % ,    98.084 kPa
358432 ,    296.63 K ,    38.4 % ,    98.080 kPa
359439 ,    296.62 K ,    38.4 % ,    98.078 kPa
360445 ,    296.63 K ,    38.4 % ,    98.081 kPa
361451 ,    296.64 K ,    38.4 % ,    98.080 kPa
362458 ,    296.64 K ,    38.4 % ,    98.079 kPa
363464 ,    296.61 K ,    38.4 % ,    98.075 kPa
364471 ,    296.62 K ,    38.4 % ,    98.076 kPa
365477 ,    296.61 K ,    38.4 % ,    98.077 kPa
366484 ,    296.61 K ,    38.5 % ,    98.075 kPa
367490 ,    296.60 K ,    38.5 % ,    98.074 kPa
368496 ,    296.59 K ,    38.5 % ,    98.073 kPa
369503 ,    296.58 K ,    38.5 % ,    98.072 kPa
370509 ,    296.58 K ,    38.2 % ,    98.069 kPa
371516 ,    296.58 K ,    38.5 % ,    98.066 kPa
372523 ,    296.57 K ,    38.5 % ,    98.068 kPa
373529 ,    296.57 K ,    38.5 % ,    98.065 kPa
374535 ,    296.56 K ,    38.5 % ,    98.061 kPa
375541 ,    296.56 K ,    38.5 % ,    98.062 kPa
376548 ,    296.57 K ,    38.5 % ,    98.063 kPa
377554 ,    296.58 K ,    38.5 % ,    98.064 kPa
378561 ,    296.55 K ,    38.5 % ,    98.064 kPa
379568 ,    296.55 K ,    38.5 % ,    98.064 kPa
380573 ,    296.56 K ,    38.6 % ,    98.060 kPa
381580 ,    296.55 K ,    38.6 % ,    98.061 kPa
382586 ,    296.56 K ,    38.6 % ,    98.058 kPa
383593 ,    296.54 K ,    38.6 % ,    98.056 kPa
384600 ,    296.52 K ,    38.6 % ,    98.056 kPa
385606 ,    296.53 K ,    38.6 % ,    98.055 kPa
386612 ,    296.52 K ,    38.6 % ,    98.053 kPa
387618 ,    296.51 K ,    38.6 % ,    98.053 kPa
388625 ,    296.51 K ,    38.6 % ,    98.050 kPa
389632 ,    296.50 K ,    38.6 % ,    98.052 kPa
390638 ,    296.51 K ,    38.6 % ,    98.049 kPa
391645 ,    296.51 K ,    38.7 % ,    98.047 kPa
392651 ,    296.49 K ,    38.7 % ,    98.047 kPa
393657 ,    296.49 K ,    38.7 % ,    98.044 kPa
394663 ,    296.50 K ,    38.7 % ,    98.048 kPa
395670 ,    296.49 K ,    38.7 % ,    98.045 kPa
396677 ,    296.48 K ,    38.7 % ,    98.043 kPa
397683 ,    296.47 K ,    38.7 % ,    98.039 kPa
398690 ,    296.46 K ,    38.7 % ,    98.039 kPa
399695 ,    296.46 K ,    38.7 % ,    98.040 kPa
400702 ,    296.45 K ,    38.7 % ,    98.035 kPa
401709 ,    296.46 K ,    38.7 % ,    98.036 kPa
402715 ,    296.44 K ,    38.7 % ,    98.033 kPa
403722 ,    296.46 K ,    38.8 % ,    98.037 kPa
404728 ,    296.44 K ,    38.8 % ,    98.030 kPa
405734 ,    296.44 K ,    38.8 % ,    98.030 kPa
406740 ,    296.45 K ,    38.8 % ,    98.031 kPa
407747 ,    296.43 K ,    38.8 % ,    98.030 kPa
408754 ,    296.43 K ,    38.8 % ,    98.032 kPa
409760 ,    296.42 K ,    38.8 % ,    98.028 kPa
410767 ,    296.42 K ,    38.8 % ,    98.026 kPa
411773 ,    296.44 K ,    38.8 % ,    98.033 kPa
412779 ,    296.41 K ,    38.8 % ,    98.028 kPa
413786 ,    296.41 K ,    38.8 % ,    98.021 kPa
414792 ,    296.42 K ,    38.8 % ,    98.023 kPa
415799 ,    296.40 K ,    38.8 % ,    98.018 kPa
416805 ,    296.41 K ,    38.8 % ,    98.023 kPa
417812 ,    296.40 K ,    38.9 % ,    98.024 kPa
418818 ,    296.38 K ,    38.9 % ,    98.019 kPa
419824 ,    296.38 K ,    38.9 % ,    98.018 kPa
420831 ,    296.39 K ,    38.9 % ,    98.022 kPa
421837 ,    296.39 K ,    38.9 % ,    98.021 kPa
422844 ,    296.37 K ,    38.9 % ,    98.014 kPa
423851 ,    296.39 K ,    38.9 % ,    98.017 kPa
424856 ,    296.36 K ,    38.9 % ,    98.012 kPa
425863 ,    296.35 K ,    38.9 % ,    98.014 kPa
426869 ,    296.36 K ,    38.9 % ,    98.013 kPa
427876 ,    296.37 K ,    38.9 % ,    98.014 kPa
428882 ,    296.36 K ,    38.9 % ,    98.013 kPa
429889 ,    296.34 K ,    38.9 % ,    98.007 kPa
430895 ,    296.34 K ,    38.9 % ,    98.007 kPa
431901 ,    296.33 K ,    38.9 % ,    98.005 kPa
432908 ,    296.33 K ,    39.0 % ,    98.006 kPa
433914 ,    296.34 K ,    39.0 % ,    98.006 kPa
434921 ,    296.34 K ,    39.0 % ,    98.006 kPa
435928 ,    296.33 K ,    39.0 % ,    98.006 kPa
436933 ,    296.31 K ,    39.0 % ,    98.002 kPa
437940 ,    296.31 K ,    39.0 % ,    98.001 kPa
438946 ,    296.31 K ,    39.0 % ,    98.003 kPa
439953 ,    296.31 K ,    39.0 % ,    98.004 kPa
440960 ,    296.32 K ,    39.0 % ,    98.003 kPa
441966 ,    296.32 K ,    39.0 % ,    98.004 kPa
442972 ,    296.31 K ,    39.0 % ,    98.002 kPa
443978 ,    296.29 K ,    39.1 % ,    98.000 kPa
444985 ,    296.29 K ,    39.1 % ,    97.996 kPa
445991 ,    296.29 K ,    39.0 % ,    97.996 kPa
446998 ,    296.28 K ,    39.1 % ,    97.996 kPa
448005 ,    296.28 K ,    39.1 % ,    97.995 kPa
449010 ,    296.28 K ,    39.1 % ,    97.997 kPa
450017 ,    296.29 K ,    39.1 % ,    97.999 kPa
451023 ,    296.29 K ,    39.1 % ,    97.998 kPa
452030 ,    296.26 K ,    39.1 % ,    97.992 kPa
453037 ,    296.25 K ,    38.6 % ,    97.988 kPa
454043 ,    296.26 K ,    39.1 % ,    97.990 kPa
455050 ,    296.25 K ,    39.1 % ,    97.989 kPa
456055 ,    296.25 K ,    39.1 % ,    97.988 kPa
457062 ,    296.26 K ,    39.1 % ,    97.989 kPa
458068 ,    296.26 K ,    39.1 % ,    97.993 kPa
459075 ,    296.24 K ,    39.1 % ,    97.984 kPa
460082 ,    296.24 K ,    39.2 % ,    97.986 kPa
461088 ,    296.25 K ,    39.2 % ,    97.986 kPa
462094 ,    296.22 K ,    39.2 % ,    97.983 kPa
463100 ,    296.22 K ,    39.2 % ,    97.980 kPa
464107 ,    296.24 K ,    39.2 % ,    97.982 kPa
465114 ,    296.24 K ,    39.2 % ,    97.982 kPa
466120 ,    296.23 K ,    39.2 % ,    97.980 kPa
467127 ,    296.21 K ,    39.2 % ,    97.980 kPa
468133 ,    296.22 K ,    39.2 % ,    97.979 kPa
469139 ,    296.20 K ,    39.2 % ,    97.979 kPa
470146 ,    296.20 K ,    39.2 % ,    97.978 kPa
471152 ,    296.20 K ,    39.2 % ,    97.977 kPa
472159 ,    296.21 K ,    39.2 % ,    97.977 kPa
473165 ,    296.20 K ,    39.2 % ,    97.978 kPa
474172 ,    296.19 K ,    39.2 % ,    97.975 kPa
475177 ,    296.19 K ,    39.3 % ,    97.974 kPa
476184 ,    296.19 K ,    39.3 % ,    97.974 kPa
477191 ,    296.18 K ,    39.3 % ,    97.971 kPa
478197 ,    296.17 K ,    39.3 % ,    97.971 kPa
479204 ,    296.18 K ,    39.3 % ,    97.972 kPa
480210 ,    296.18 K ,    39.3 % ,    97.974 kPa
481217 ,    296.18 K ,    39.3 % ,    97.972 kPa
482223 ,    296.16 K ,    39.3 % ,    97.968 kPa
483229 ,    296.17 K ,    39.3 % ,    97.970 kPa
484236 ,    296.15 K ,    39.3 % ,    97.965 kPa
485242 ,    296.15 K ,    39.3 % ,    97.961 kPa
486249 ,    296.15 K ,    39.3 % ,    97.965 kPa
487256 ,    296.16 K ,    39.3 % ,    97.965 kPa
488261 ,    296.16 K ,    39.3 % ,    97.965 kPa
489268 ,    296.14 K ,    39.3 % ,    97.963 kPa
490274 ,    296.13 K ,    39.3 % ,    97.964 kPa
491281 ,    296.13 K ,    39.4 % ,    97.964 kPa
492288 ,    296.13 K ,    39.4 % ,    97.961 kPa
493294 ,    296.12 K ,    39.4 % ,    97.959 kPa
494301 ,    296.14 K ,    39.4 % ,    97.960 kPa
495306 ,    296.14 K ,    39.4 % ,    97.962 kPa
496313 ,    296.12 K ,    39.4 % ,    97.955 kPa
497319 ,    296.12 K ,    39.4 % ,    97.958 kPa
498326 ,    296.12 K ,    39.4 % ,    97.959 kPa
499333 ,    296.10 K ,    39.4 % ,    97.955 kPa
500339 ,    296.10 K ,    39.4 % ,    97.953 kPa
501345 ,    296.11 K ,    39.4 % ,    97.951 kPa
502351 ,    296.12 K ,    39.4 % ,    97.952 kPa
503358 ,    296.11 K ,    39.4 % ,    97.950 kPa
504365 ,    296.09 K ,    39.4 % ,    97.953 kPa
505371 ,    296.08 K ,    39.4 % ,    97.952 kPa
506378 ,    296.08 K ,    39.5 % ,    97.953 kPa
507384 ,    296.08 K ,    39.5 % ,    97.951 kPa
508390 ,    296.09 K ,    39.5 % ,    97.951 kPa
509396 ,    296.09 K ,    39.5 % ,    97.951 kPa
510403 ,    296.08 K ,    39.5 % ,    97.953 kPa
511410 ,    296.06 K ,    39.5 % ,    97.948 kPa
512416 ,    296.07 K ,    39.5 % ,    97.945 kPa
513423 ,    296.04 K ,    39.5 % ,    97.939 kPa
514428 ,    296.04 K ,    39.5 % ,    97.940 kPa
515435 ,    296.06 K ,    39.5 % ,    97.944 kPa
516442 ,    296.06 K ,    39.5 % ,    97.943 kPa
517448 ,    296.05 K ,    39.5 % ,    97.945 kPa
518455 ,    296.03 K ,    39.5 % ,    97.939 kPa
519461 ,    296.02 K ,    39.5 % ,    97.939 kPa
520467 ,    296.03 K ,    39.5 % ,    97.938 kPa
521474 ,    296.02 K ,    39.6 % ,    97.942 kPa
522480 ,    296.03 K ,    39.6 % ,    97.939 kPa
523487 ,    296.03 K ,    39.6 % ,    97.942 kPa
524493 ,    296.01 K ,    39.6 % ,    97.937 kPa
525500 ,    296.00 K ,    39.6 % ,    97.936 kPa
526507 ,    296.00 K ,    39.6 % ,    97.931 kPa
527512 ,    296.02 K ,    39.6 % ,    97.933 kPa
528519 ,    295.99 K ,    39.6 % ,    97.930 kPa
529525 ,    296.01 K ,    39.6 % ,    97.932 kPa
530532 ,    296.00 K ,    39.6 % ,    97.933 kPa
531538 ,    295.99 K ,    39.6 % ,    97.931 kPa
532545 ,    295.97 K ,    39.6 % ,    97.926 kPa
533551 ,    295.97 K ,    39.6 % ,    97.930 kPa
534557 ,    295.99 K ,    39.6 % ,    97.933 kPa
535564 ,    295.98 K ,    39.6 % ,    97.931 kPa
536570 ,    295.99 K ,    39.7 % ,    97.933 kPa
537577 ,    295.99 K ,    39.7 % ,    97.931 kPa
538584 ,    295.97 K ,    39.7 % ,    97.926 kPa
539589 ,    295.96 K ,    39.7 % ,    97.928 kPa
540596 ,    295.96 K ,    39.7 % ,    97.930 kPa
541602 ,    295.97 K ,    39.7 % ,    97.929 kPa
542609 ,    295.97 K ,    39.7 % ,    97.927 kPa
543616 ,    295.97 K ,    39.7 % ,    97.926 kPa
544622 ,    295.96 K ,    39.7 % ,    97.926 kPa
545629 ,    295.95 K ,    39.7 % ,    97.923 kPa
546634 ,    295.95 K ,    39.7 % ,    97.922 kPa
547641 ,    295.94 K ,    39.7 % ,    97.920 kPa
548647 ,    295.95 K ,    39.7 % ,    97.921 kPa
549654 ,    295.95 K ,    39.7 % ,    97.920 kPa
550661 ,    295.95 K ,    39.7 % ,    97.918 kPa
551667 ,    295.95 K ,    39.7 % ,    97.917 kPa
552673 ,    295.94 K ,    39.7 % ,    97.913 kPa
553679 ,    295.91 K ,    39.7 % ,    97.913 kPa
554686 ,    295.93 K ,    39.8 % ,    97.914 kPa
555693 ,    295.93 K ,    39.8 % ,    97.916 kPa
556699 ,    295.93 K ,    39.7 % ,    97.918 kPa
557706 ,    295.91 K ,    39.8 % ,    97.916 kPa
558711 ,    295.92 K ,    39.8 % ,    97.916 kPa
559718 ,    295.90 K ,    39.8 % ,    97.913 kPa
560724 ,    295.90 K ,    39.8 % ,    97.913 kPa
561731 ,    295.91 K ,    39.8 % ,    97.915 kPa
562738 ,    295.92 K ,    39.8 % ,    97.919 kPa
563744 ,    295.91 K ,    39.8 % ,    97.914 kPa
564751 ,    295.89 K ,    39.8 % ,    97.914 kPa
565756 ,    295.90 K ,    39.8 % ,    97.912 kPa
566763 ,    295.88 K ,    39.8 % ,    97.910 kPa
567770 ,    295.89 K ,    39.8 % ,    97.911 kPa
568776 ,    295.90 K ,    39.8 % ,    97.915 kPa
569783 ,    295.90 K ,    39.8 % ,    97.914 kPa
570789 ,    295.88 K ,    39.8 % ,    97.910 kPa
571795 ,    295.87 K ,    39.8 % ,    97.910 kPa
572802 ,    295.88 K ,    39.9 % ,    97.911 kPa
573808 ,    295.87 K ,    39.9 % ,    97.905 kPa
574815 ,    295.88 K ,    39.9 % ,    97.908 kPa
575821 ,    295.89 K ,    39.9 % ,    97.908 kPa
576828 ,    295.87 K ,    39.9 % ,    97.910 kPa
577833 ,    295.86 K ,    39.9 % ,    97.903 kPa
578840 ,    295.86 K ,    39.9 % ,    97.902 kPa
579847 ,    295.87 K ,    39.9 % ,    97.905 kPa
580853 ,    295.86 K ,    39.9 % ,    97.904 kPa
581860 ,    295.87 K ,    39.9 % ,    97.905 kPa
582866 ,    295.85 K ,    39.9 % ,    97.897 kPa
583872 ,    295.84 K ,    39.9 % ,    97.899 kPa
584879 ,    295.85 K ,    39.9 % ,    97.899 kPa
585885 ,    295.86 K ,    39.9 % ,    97.901 kPa
586892 ,    295.84 K ,    39.9 % ,    97.897 kPa
587898 ,    295.84 K ,    39.9 % ,    97.898 kPa
588905 ,    295.82 K ,    39.9 % ,    97.897 kPa
589911 ,    295.83 K ,    39.9 % ,    97.895 kPa
590917 ,    295.84 K ,    40.0 % ,    97.899 kPa
591924 ,    295.83 K ,    40.0 % ,    97.898 kPa
592930 ,    295.82 K ,    40.0 % ,    97.897 kPa
593937 ,    295.82 K ,    40.0 % ,    97.896 kPa
594944 ,    295.83 K ,    40.0 % ,    97.899 kPa
595949 ,    295.83 K ,    39.9 % ,    97.899 kPa
596956 ,    295.80 K ,    40.0 % ,    97.892 kPa
597962 ,    295.81 K ,    40.0 % ,    97.893 kPa
598969 ,    295.80 K ,    40.0 % ,    97.891 kPa
599975 ,    295.81 K ,    40.0 % ,    97.892 kPa
600982 ,    295.79 K ,    40.0 % ,    97.889 kPa
601988 ,    295.80 K ,    40.0 % ,    97.891 kPa
602994 ,    295.78 K ,    40.0 % ,    97.888 kPa
604001 ,    295.79 K ,    40.0 % ,    97.889 kPa
605007 ,    295.80 K ,    40.0 % ,    97.891 kPa
606014 ,    295.79 K ,    40.0 % ,    97.889 kPa
607021 ,    295.78 K ,    40.1 % ,    97.887 kPa
608026 ,    295.80 K ,    40.0 % ,    97.888 kPa
609033 ,    295.77 K ,    40.1 % ,    97.887 kPa
610039 ,    295.79 K ,    40.1 % ,    97.889 kPa
611046 ,    295.78 K ,    40.1 % ,    97.888 kPa
612052 ,    295.76 K ,    40.1 % ,    97.885 kPa
613059 ,    295.76 K ,    40.1 % ,    97.884 kPa
614066 ,    295.78 K ,    40.1 % ,    97.886 kPa
615071 ,    295.76 K ,    40.1 % ,    97.884 kPa
616078 ,    295.76 K ,    40.1 % ,    97.885 kPa
617084 ,    295.77 K ,    40.1 % ,    97.882 kPa
618091 ,    295.75 K ,    40.1 % ,    97.886 kPa
619098 ,    295.76 K ,    40.1 % ,    97.886 kPa
620104 ,    295.77 K ,    40.1 % ,    97.886 kPa
621110 ,    295.76 K ,    40.1 % ,    97.882 kPa
622116 ,    295.73 K ,    40.1 % ,    97.877 kPa
623123 ,    295.76 K ,    40.1 % ,    97.880 kPa
624130 ,    295.74 K ,    40.1 % ,    97.882 kPa
625136 ,    295.73 K ,    40.1 % ,    97.875 kPa
626143 ,    295.75 K ,    40.1 % ,    97.879 kPa
627148 ,    295.73 K ,    40.1 % ,    97.879 kPa
628155 ,    295.73 K ,    40.1 % ,    97.882 kPa
629161 ,    295.72 K ,    40.2 % ,    97.878 kPa
630168 ,    295.74 K ,    40.2 % ,    97.881 kPa
631175 ,    295.73 K ,    40.2 % ,    97.877 kPa
632181 ,    295.72 K ,    40.2 % ,    97.876 kPa
633188 ,    295.72 K ,    40.2 % ,    97.877 kPa
634193 ,    295.73 K ,    40.2 % ,    97.880 kPa
635200 ,    295.71 K ,    40.2 % ,    97.876 kPa
636207 ,    295.71 K ,    40.2 % ,    97.875 kPa
637213 ,    295.70 K ,    40.2 % ,    97.872 kPa
638220 ,    295.72 K ,    40.2 % ,    97.874 kPa
639226 ,    295.70 K ,    40.2 % ,    97.873 kPa
640232 ,    295.70 K ,    40.2 % ,    97.873 kPa
641239 ,    295.72 K ,    40.2 % ,    97.879 kPa
642245 ,    295.70 K ,    40.2 % ,    97.872 kPa
643252 ,    295.69 K ,    40.2 % ,    97.873 kPa
644258 ,    295.69 K ,    40.2 % ,    97.874 kPa
645265 ,    295.69 K ,    40.2 % ,    97.869 kPa
646272 ,    295.70 K ,    40.2 % ,    97.872 kPa
647277 ,    295.70 K ,    40.2 % ,    97.870 kPa
648284 ,    295.68 K ,    40.2 % ,    97.864 kPa
649290 ,    295.68 K ,    40.3 % ,    97.866 kPa
650297 ,    295.69 K ,    40.3 % ,    97.869 kPa
651303 ,    295.68 K ,    40.3 % ,    97.865 kPa
652310 ,    295.69 K ,    40.3 % ,    97.869 kPa
653316 ,    295.67 K ,    40.3 % ,    97.866 kPa
654322 ,    295.67 K ,    40.3 % ,    97.863 kPa
655329 ,    295.68 K ,    40.3 % ,    97.867 kPa
656335 ,    295.68 K ,    40.3 % ,    97.868 kPa
657342 ,    295.66 K ,    40.3 % ,    97.863 kPa
658349 ,    295.66 K ,    40.3 % ,    97.863 kPa
659354 ,    295.65 K ,    40.3 % ,    97.862 kPa
660361 ,    295.66 K ,    40.3 % ,    97.866 kPa
661367 ,    295.67 K ,    40.3 % ,    97.866 kPa
662374 ,    295.65 K ,    40.3 % ,    97.863 kPa
663380 ,    295.65 K ,    40.3 % ,    97.862 kPa
664387 ,    295.65 K ,    40.3 % ,    97.862 kPa
665393 ,    295.66 K ,    40.3 % ,    97.863 kPa
666399 ,    295.64 K ,    40.3 % ,    97.863 kPa
667406 ,    295.66 K ,    40.3 % ,    97.865 kPa
668412 ,    295.65 K ,    40.3 % ,    97.861 kPa
669419 ,    295.64 K ,    40.3 % ,    97.861 kPa
670426 ,    295.64 K ,    40.3 % ,    97.860 kPa
671431 ,    295.65 K ,    40.3 % ,    97.863 kPa
672438 ,    295.65 K ,    40.4 % ,    97.859 kPa
673444 ,    295.63 K ,    40.3 % ,    97.861 kPa
674451 ,    295.63 K ,    40.1 % ,    97.855 kPa
675458 ,    295.62 K ,    40.4 % ,    97.853 kPa
676464 ,    295.62 K ,    40.4 % ,    97.856 kPa
677471 ,    295.64 K ,    40.4 % ,    97.864 kPa
678476 ,    295.63 K ,    40.4 % ,    97.861 kPa
679483 ,    295.61 K ,    40.4 % ,    97.856 kPa
680489 ,    295.61 K ,    40.4 % ,    97.856 kPa
681496 ,    295.62 K ,    40.4 % ,    97.856 kPa
682503 ,    295.60 K ,    40.4 % ,    97.853 kPa
683509 ,    295.61 K ,    40.4 % ,    97.857 kPa
684515 ,    295.62 K ,    40.4 % ,    97.855 kPa
685521 ,    295.62 K ,    40.4 % ,    97.856 kPa
686528 ,    295.60 K ,    40.4 % ,    97.854 kPa
687535 ,    295.59 K ,    40.4 % ,    97.852 kPa
688541 ,    295.60 K ,    40.4 % ,    97.854 kPa
689548 ,    295.61 K ,    40.4 % ,    97.855 kPa
690553 ,    295.59 K ,    40.4 % ,    97.853 kPa
691560 ,    295.60 K ,    40.4 % ,    97.855 kPa
692567 ,    295.60 K ,    40.4 % ,    97.852 kPa
693573 ,    295.58 K ,    40.4 % ,    97.850 kPa
694580 ,    295.58 K ,    40.4 % ,    97.849 kPa
695586 ,    295.58 K ,    40.4 % ,    97.849 kPa
696592 ,    295.59 K ,    40.4 % ,    97.852 kPa
697598 ,    295.59 K ,    40.4 % ,    97.849 kPa
698605 ,    295.59 K ,    40.4 % ,    97.849 kPa
699612 ,    295.59 K ,    40.5 % ,    97.851 kPa
700618 ,    295.57 K ,    40.5 % ,    97.849 kPa
701625 ,    295.57 K ,    40.5 % ,    97.848 kPa
702630 ,    295.57 K ,    40.5 % ,    97.847 kPa
703637 ,    295.58 K ,    40.5 % ,    97.848 kPa
704644 ,    295.58 K ,    40.5 % ,    97.851 kPa
705650 ,    295.57 K ,    40.5 % ,    97.850 kPa
706657 ,    295.58 K ,    40.5 % ,    97.853 kPa
707663 ,    295.56 K ,    40.5 % ,    97.846 kPa
708670 ,    295.56 K ,    40.5 % ,    97.848 kPa
709676 ,    295.56 K ,    40.5 % ,    97.846 kPa
710682 ,    295.57 K ,    40.5 % ,    97.846 kPa
711689 ,    295.56 K ,    40.5 % ,    97.846 kPa
712695 ,    295.56 K ,    40.5 % ,    97.843 kPa
713702 ,    295.56 K ,    40.5 % ,    97.846 kPa
714708 ,    295.54 K ,    40.5 % ,    97.842 kPa
715714 ,    295.54 K ,    40.5 % ,    97.840 kPa
716721 ,    295.55 K ,    40.5 % ,    97.842 kPa
717727 ,    295.55 K ,    40.5 % ,    97.842 kPa
718734 ,    295.56 K ,    40.5 % ,    97.845 kPa
719740 ,    295.53 K ,    40.5 % ,    97.838 kPa
720747 ,    295.55 K ,    40.5 % ,    97.843 kPa
721753 ,    295.53 K ,    40.6 % ,    97.839 kPa
722759 ,    295.53 K ,    40.6 % ,    97.841 kPa
723766 ,    295.53 K ,    40.6 % ,    97.839 kPa
724772 ,    295.54 K ,    40.6 % ,    97.842 kPa
725779 ,    295.53 K ,    40.6 % ,    97.839 kPa
726786 ,    295.52 K ,    40.6 % ,    97.838 kPa
727792 ,    295.53 K ,    40.6 % ,    97.839 kPa
728798 ,    295.52 K ,    40.6 % ,    97.839 kPa
729804 ,    295.52 K ,    40.6 % ,    97.837 kPa
730811 ,    295.52 K ,    40.6 % ,    97.837 kPa
731817 ,    295.53 K ,    40.6 % ,    97.840 kPa
732824 ,    295.52 K ,    40.6 % ,    97.838 kPa
733831 ,    295.50 K ,    40.6 % ,    97.837 kPa
734836 ,    295.50 K ,    40.6 % ,    97.838 kPa
735843 ,    295.50 K ,    40.6 % ,    97.833 kPa
736849 ,    295.51 K ,    40.6 % ,    97.839 kPa
737856 ,    295.52 K ,    40.6 % ,    97.836 kPa
738863 ,    295.51 K ,    40.6 % ,    97.839 kPa
739869 ,    295.50 K ,    40.6 % ,    97.836 kPa
740875 ,    295.50 K ,    40.6 % ,    97.838 kPa
741881 ,    295.50 K ,    40.6 % ,    97.834 kPa
742888 ,    295.49 K ,    40.6 % ,    97.833 kPa
743895 ,    295.49 K ,    40.6 % ,    97.837 kPa
744901 ,    295.51 K ,    40.6 % ,    97.839 kPa
745908 ,    295.50 K ,    40.6 % ,    97.837 kPa
746914 ,    295.48 K ,    40.6 % ,    97.835 kPa
747920 ,    295.48 K ,    40.6 % ,    97.833 kPa
748926 ,    295.48 K ,    40.6 % ,    97.837 kPa
749933 ,    295.50 K ,    40.7 % ,    97.836 kPa
750940 ,    295.48 K ,    40.7 % ,    97.831 kPa
751946 ,    295.49 K ,    40.7 % ,    97.833 kPa
752953 ,    295.48 K ,    40.7 % ,    97.834 kPa
753958 ,    295.47 K ,    40.7 % ,    97.830 kPa
754965 ,    295.47 K ,    40.7 % ,    97.832 kPa
755972 ,    295.49 K ,    40.7 % ,    97.832 kPa
756978 ,    295.48 K ,    40.7 % ,    97.829 kPa
757985 ,    295.47 K ,    40.7 % ,    97.828 kPa
758991 ,    295.48 K ,    40.7 % ,    97.828 kPa
759997 ,    295.47 K ,    40.7 % ,    97.826 kPa
761004 ,    295.46 K ,    40.7 % ,    97.828 kPa
762010 ,    295.45 K ,    40.7 % ,    97.827 kPa
763017 ,    295.46 K ,    40.7 % ,    97.830 kPa
764023 ,    295.47 K ,    40.7 % ,    97.829 kPa
1155 ,    295.20 K ,    41.2 % ,    97.785 kPa
2161 ,    295.17 K ,    41.2 % ,    97.784 kPa
3168 ,    295.18 K ,    41.2 % ,    97.787 kPa
4173 ,    295.16 K ,    41.2 % ,    97.783 kPa
5180 ,    295.15 K ,    41.2 % ,    97.782 kPa
6187 ,    295.17 K ,    41.2 % ,    97.785 kPa
7193 ,    295.16 K ,    41.2 % ,    97.786 kPa
8199 ,    295.15 K ,    41.2 % ,    97.783 kPa
9205 ,    295.16 K ,    41.2 % ,    97.785 kPa
10212 ,    295.14 K ,    41.2 % ,    97.779 kPa
11218 ,    295.16 K ,    41.2 % ,    97.782 kPa
12225 ,    295.15 K ,    41.3 % ,    97.781 kPa
13231 ,    295.14 K ,    41.3 % ,    97.783 kPa
14237 ,    295.15 K ,    41.3 % ,    97.778 kPa
15244 ,    295.13 K ,    41.3 % ,    97.778 kPa
16250 ,    295.13 K ,    41.3 % ,    97.777 kPa
17257 ,    295.13 K ,    41.3 % ,    97.779 kPa
18263 ,    295.12 K ,    41.3 % ,    97.775 kPa
19269 ,    295.14 K ,    41.3 % ,    97.780 kPa
20276 ,    295.13 K ,    41.3 % ,    97.778 kPa
21282 ,    295.12 K ,    41.3 % ,    97.778 kPa
22289 ,    295.12 K ,    41.3 % ,    97.778 kPa
23294 ,    295.12 K ,    41.3 % ,    97.778 kPa
24301 ,    295.11 K ,    41.3 % ,    97.776 kPa
25308 ,    295.12 K ,    41.3 % ,    97.776 kPa
26314 ,    295.10 K ,    41.3 % ,    97.777 kPa
27321 ,    295.11 K ,    41.3 % ,    97.776 kPa
28326 ,    295.09 K ,    41.3 % ,    97.775 kPa
29333 ,    295.11 K ,    41.3 % ,    97.776 kPa
30340 ,    295.08 K ,    41.3 % ,    97.773 kPa
31346 ,    295.10 K ,    41.3 % ,    97.778 kPa
32353 ,    295.08 K ,    41.4 % ,    97.773 kPa
33358 ,    295.08 K ,    41.4 % ,    97.771 kPa
34365 ,    295.08 K ,    41.4 % ,    97.776 kPa
35372 ,    295.08 K ,    41.4 % ,    97.770 kPa
36378 ,    295.08 K ,    41.4 % ,    97.769 kPa
37385 ,    295.07 K ,    41.4 % ,    97.766 kPa
38391 ,    295.09 K ,    41.4 % ,    97.771 kPa
39397 ,    295.07 K ,    41.4 % ,    97.768 kPa
40403 ,    295.08 K ,    41.4 % ,    97.769 kPa
41410 ,    295.06 K ,    41.4 % ,    97.768 kPa
42417 ,    295.07 K ,    41.4 % ,    97.768 kPa
43423 ,    295.06 K ,    41.4 % ,    97.769 kPa
44429 ,    295.06 K ,    41.4 % ,    97.769 kPa
45435 ,    295.04 K ,    41.4 % ,    97.767 kPa
46442 ,    295.06 K ,    41.4 % ,    97.770 kPa
47449 ,    295.05 K ,    41.4 % ,    97.768 kPa
48455 ,    295.05 K ,    41.4 % ,    97.765 kPa
49461 ,    295.06 K ,    41.5 % ,    97.767 kPa
50467 ,    295.04 K ,    41.4 % ,    97.762 kPa
51474 ,    295.05 K ,    41.4 % ,    97.765 kPa
52481 ,    295.03 K ,    41.5 % ,    97.764 kPa
53487 ,    295.05 K ,    41.4 % ,    97.769 kPa
54493 ,    295.03 K ,    41.5 % ,    97.763 kPa
55499 ,    295.04 K ,    41.5 % ,    97.766 kPa
56506 ,    295.03 K ,    41.5 % ,    97.766 kPa
57512 ,    295.02 K ,    41.5 % ,    97.764 kPa
58519 ,    295.03 K ,    41.5 % ,    97.767 kPa
59525 ,    295.01 K ,    41.5 % ,    97.763 kPa
60531 ,    295.03 K ,    41.5 % ,    97.762 kPa
61538 ,    295.01 K ,    41.5 % ,    97.763 kPa
62544 ,    295.02 K ,    41.5 % ,    97.763 kPa
63551 ,    295.01 K ,    41.5 % ,    97.760 kPa
64557 ,    295.03 K ,    41.5 % ,    97.762 kPa
65563 ,    295.00 K ,    41.7 % ,    97.761 kPa
66570 ,    294.99 K ,    41.5 % ,    97.759 kPa
67576 ,    295.00 K ,    41.5 % ,    97.760 kPa
68583 ,    295.01 K ,    41.5 % ,    97.761 kPa
69588 ,    295.01 K ,    41.5 % ,    97.758 kPa
70595 ,    295.00 K ,    41.5 % ,    97.757 kPa
71602 ,    295.00 K ,    41.5 % ,    97.760 kPa
72608 ,    294.99 K ,    41.5 % ,    97.759 kPa
73615 ,    295.00 K ,    41.6 % ,    97.759 kPa
74620 ,    294.99 K ,    41.5 % ,    97.757 kPa
75627 ,    295.00 K ,    41.5 % ,    97.758 kPa
76634 ,    294.98 K ,    41.5 % ,    97.756 kPa
77640 ,    295.00 K ,    41.6 % ,    97.758 kPa
78647 ,    294.98 K ,    41.6 % ,    97.755 kPa
79652 ,    295.00 K ,    41.6 % ,    97.759 kPa
80659 ,    294.98 K ,    41.6 % ,    97.756 kPa
81666 ,    294.99 K ,    41.6 % ,    97.759 kPa
82672 ,    294.98 K ,    41.6 % ,    97.758 kPa
83679 ,    294.98 K ,    41.6 % ,    97.760 kPa
84684 ,    294.98 K ,    41.6 % ,    97.760 kPa
85691 ,    294.96 K ,    41.6 % ,    97.753 kPa
86697 ,    294.97 K ,    41.6 % ,    97.755 kPa
87704 ,    294.98 K ,    41.6 % ,    97.758 kPa
88711 ,    294.96 K ,    41.6 % ,    97.755 kPa
89716 ,    294.97 K ,    41.6 % ,    97.757 kPa
90723 ,    294.95 K ,    41.6 % ,    97.754 kPa
91729 ,    294.97 K ,    41.6 % ,    97.758 kPa
92736 ,    294.96 K ,    41.6 % ,    97.753 kPa
93743 ,    294.95 K ,    41.6 % ,    97.754 kPa
94748 ,    294.96 K ,    41.6 % ,    97.754 kPa
95755 ,    294.95 K ,    41.6 % ,    97.753 kPa
96761 ,    294.95 K ,    41.6 % ,    97.752 kPa
97768 ,    294.96 K ,    41.7 % ,    97.751 kPa
98775 ,    294.94 K ,    41.6 % ,    97.750 kPa
99780 ,    294.95 K ,    41.7 % ,    97.750 kPa
100787 ,    294.95 K ,    41.7 % ,    97.756 kPa
101793 ,    294.94 K ,    41.7 % ,    97.751 kPa
102800 ,    294.94 K ,    41.7 % ,    97.751 kPa
103806 ,    294.95 K ,    41.7 % ,    97.752 kPa
104813 ,    294.93 K ,    41.7 % ,    97.750 kPa
105819 ,    294.93 K ,    41.7 % ,    97.747 kPa
106825 ,    294.95 K ,    41.7 % ,    97.750 kPa
107832 ,    294.94 K ,    41.7 % ,    97.752 kPa
108838 ,    294.93 K ,    41.7 % ,    97.750 kPa
109845 ,    294.92 K ,    41.7 % ,    97.747 kPa
110852 ,    294.93 K ,    41.7 % ,    97.751 kPa
111858 ,    294.93 K ,    41.7 % ,    97.751 kPa
112864 ,    294.92 K ,    41.7 % ,    97.750 kPa
113870 ,    294.91 K ,    41.7 % ,    97.749 kPa
114877 ,    294.92 K ,    41.7 % ,    97.747 kPa
115884 ,    294.92 K ,    41.7 % ,    97.749 kPa
116890 ,    294.91 K ,    41.7 % ,    97.747 kPa
117897 ,    294.91 K ,    41.7 % ,    97.745 kPa
118903 ,    294.92 K ,    41.7 % ,    97.751 kPa
119909 ,    294.90 K ,    41.7 % ,    97.743 kPa
120915 ,    294.90 K ,    41.7 % ,    97.744 kPa
121922 ,    294.92 K ,    41.7 % ,    97.753 kPa
122929 ,    294.91 K ,    41.7 % ,    97.748 kPa
123935 ,    294.90 K ,    41.8 % ,    97.746 kPa
124942 ,    294.89 K ,    41.8 % ,    97.745 kPa
125947 ,    294.90 K ,    41.8 % ,    97.745 kPa
126954 ,    294.89 K ,    41.8 % ,    97.746 kPa
127961 ,    294.90 K ,    41.8 % ,    97.743 kPa
128967 ,    294.90 K ,    41.8 % ,    97.746 kPa
129974 ,    294.88 K ,    41.8 % ,    97.742 kPa
130980 ,    294.88 K ,    41.8 % ,    97.742 kPa
131986 ,    294.89 K ,    41.8 % ,    97.746 kPa
132993 ,    294.87 K ,    41.8 % ,    97.744 kPa
133999 ,    294.89 K ,    41.8 % ,    97.743 kPa
135006 ,    294.88 K ,    41.8 % ,    97.743 kPa
136012 ,    294.86 K ,    41.8 % ,    97.741 kPa
137019 ,    294.88 K ,    41.8 % ,    97.742 kPa
138025 ,    294.87 K ,    41.8 % ,    97.743 kPa
139031 ,    294.86 K ,    41.8 % ,    97.735 kPa
140038 ,    294.88 K ,    41.8 % ,    97.740 kPa
141044 ,    294.86 K ,    41.8 % ,    97.737 kPa
142051 ,    294.86 K ,    41.8 % ,    97.738 kPa
143057 ,    294.88 K ,    41.8 % ,    97.739 kPa
144064 ,    294.88 K ,    41.8 % ,    97.738 kPa
145071 ,    294.86 K ,    41.8 % ,    97.737 kPa
146076 ,    294.85 K ,    41.8 % ,    97.734 kPa
147083 ,    294.86 K ,    41.9 % ,    97.738 kPa
148089 ,    294.87 K ,    41.9 % ,    97.742 kPa
149096 ,    294.86 K ,    41.8 % ,    97.739 kPa
150103 ,    294.85 K ,    41.8 % ,    97.738 kPa
151109 ,    294.85 K ,    41.9 % ,    97.735 kPa
152115 ,    294.86 K ,    41.9 % ,    97.737 kPa
153121 ,    294.85 K ,    41.9 % ,    97.734 kPa
154128 ,    294.84 K ,    41.9 % ,    97.734 kPa
155134 ,    294.85 K ,    41.9 % ,    97.735 kPa
156141 ,    294.85 K ,    41.9 % ,    97.738 kPa
157148 ,    294.85 K ,    41.9 % ,    97.738 kPa
158154 ,    294.83 K ,    41.9 % ,    97.734 kPa
159160 ,    294.84 K ,    41.9 % ,    97.736 kPa
160166 ,    294.84 K ,    41.9 % ,    97.737 kPa
161173 ,    294.85 K ,    41.9 % ,    97.737 kPa
162180 ,    294.82 K ,    41.9 % ,    97.735 kPa
163186 ,    294.82 K ,    41.9 % ,    97.733 kPa
164193 ,    294.83 K ,    41.9 % ,    97.732 kPa
165199 ,    294.83 K ,    41.9 % ,    97.736 kPa
166205 ,    294.82 K ,    41.9 % ,    97.735 kPa
167212 ,    294.81 K ,    41.9 % ,    97.732 kPa
168218 ,    294.83 K ,    41.9 % ,    97.734 kPa
169225 ,    294.83 K ,    41.9 % ,    97.737 kPa
170231 ,    294.82 K ,    41.9 % ,    97.732 kPa
171238 ,    294.81 K ,    41.9 % ,    97.733 kPa
172243 ,    294.81 K ,    41.9 % ,    97.733 kPa
1155 ,    294.82 K ,    42.0 % ,    97.753 kPa
2161 ,    294.73 K ,    42.0 % ,    97.741 kPa
3168 ,    294.77 K ,    42.1 % ,    97.745 kPa
4173 ,    294.74 K ,    42.0 % ,    97.738 kPa
1155 ,    294.65 K ,    42.2 % ,    97.487 kPa
2161 ,    294.63 K ,    42.2 % ,    97.472 kPa
3168 ,    294.62 K ,    42.2 % ,    97.466 kPa
4173 ,    294.61 K ,    42.2 % ,    97.451 kPa
5180 ,    294.61 K ,    42.2 % ,    97.444 kPa
6187 ,    294.59 K ,    42.2 % ,    97.433 kPa
7193 ,    294.59 K ,    42.2 % ,    97.424 kPa
8199 ,    294.58 K ,    42.2 % ,    97.412 kPa
9205 ,    294.57 K ,    42.2 % ,    97.403 kPa
10212 ,    294.57 K ,    42.2 % ,    97.395 kPa
11218 ,    294.56 K ,    42.2 % ,    97.384 kPa
12225 ,    294.55 K ,    42.2 % ,    97.371 kPa
13231 ,    294.54 K ,    42.2 % ,    97.356 kPa
14237 ,    294.53 K ,    42.2 % ,    97.349 kPa
15244 ,    294.51 K ,    42.2 % ,    97.340 kPa
16250 ,    294.51 K ,    42.2 % ,    97.332 kPa
17257 ,    294.49 K ,    42.2 % ,    97.321 kPa
18263 ,    294.49 K ,    42.2 % ,    97.311 kPa
19269 ,    294.47 K ,    42.2 % ,    97.304 kPa
20276 ,    294.46 K ,    42.2 % ,    97.296 kPa
21282 ,    294.46 K ,    42.3 % ,    97.290 kPa
22289 ,    294.46 K ,    42.3 % ,    97.282 kPa
23294 ,    294.43 K ,    42.3 % ,    97.268 kPa
24301 ,    294.40 K ,    42.3 % ,    97.250 kPa
25308 ,    294.39 K ,    42.3 % ,    97.242 kPa
26314 ,    294.39 K ,    42.3 % ,    97.234 kPa
27321 ,    294.38 K ,    42.3 % ,    97.229 kPa
28326 ,    294.36 K ,    42.3 % ,    97.220 kPa
29333 ,    294.35 K ,    42.4 % ,    97.209 kPa
30340 ,    294.34 K ,    42.4 % ,    97.204 kPa
31346 ,    294.34 K ,    42.4 % ,    97.197 kPa
32353 ,    294.31 K ,    42.4 % ,    97.180 kPa
33358 ,    294.30 K ,    42.4 % ,    97.170 kPa
34365 ,    294.29 K ,    42.4 % ,    97.161 kPa
35372 ,    294.27 K ,    42.5 % ,    97.149 kPa
36378 ,    294.26 K ,    42.5 % ,    97.141 kPa
37385 ,    294.24 K ,    42.5 % ,    97.130 kPa
38390 ,    294.22 K ,    42.5 % ,    97.120 kPa
39397 ,    294.21 K ,    42.5 % ,    97.109 kPa
40403 ,    294.20 K ,    42.5 % ,    97.098 kPa
41410 ,    294.20 K ,    42.6 % ,    97.091 kPa
42417 ,    294.18 K ,    42.6 % ,    97.080 kPa
43422 ,    294.16 K ,    42.6 % ,    97.072 kPa
44429 ,    294.15 K ,    42.6 % ,    97.064 kPa
45435 ,    294.13 K ,    42.6 % ,    97.056 kPa
46442 ,    294.12 K ,    42.7 % ,    97.045 kPa
47449 ,    294.09 K ,    42.7 % ,    97.035 kPa
48454 ,    294.08 K ,    42.7 % ,    97.028 kPa
49461 ,    294.06 K ,    42.7 % ,    97.020 kPa
50467 ,    294.06 K ,    42.8 % ,    97.010 kPa
51474 ,    294.03 K ,    42.8 % ,    97.002 kPa
52481 ,    294.02 K ,    42.8 % ,    96.994 kPa
53486 ,    294.00 K ,    42.8 % ,    96.984 kPa
54493 ,    293.99 K ,    42.8 % ,    96.980 kPa
55499 ,    293.97 K ,    42.9 % ,    96.972 kPa
56506 ,    293.96 K ,    42.9 % ,    96.968 kPa
57512 ,    293.94 K ,    42.9 % ,    96.960 kPa
58518 ,    293.91 K ,    42.9 % ,    96.948 kPa
59525 ,    293.89 K ,    43.0 % ,    96.939 kPa
60531 ,    293.88 K ,    43.0 % ,    96.935 kPa
61538 ,    293.87 K ,    43.0 % ,    96.925 kPa
62544 ,    293.85 K ,    43.0 % ,    96.915 kPa
63550 ,    293.83 K ,    43.1 % ,    96.909 kPa
64557 ,    293.81 K ,    43.1 % ,    96.900 kPa
65563 ,    293.79 K ,    43.1 % ,    96.897 kPa
66570 ,    293.78 K ,    43.2 % ,    96.885 kPa
67576 ,    293.76 K ,    43.2 % ,    96.877 kPa
68582 ,    293.74 K ,    43.2 % ,    96.871 kPa
69588 ,    293.72 K ,    43.2 % ,    96.859 kPa
70595 ,    293.70 K ,    43.3 % ,    96.848 kPa
71602 ,    293.68 K ,    43.3 % ,    96.841 kPa
72608 ,    293.66 K ,    43.4 % ,    96.831 kPa
73614 ,    293.65 K ,    43.4 % ,    96.823 kPa
74620 ,    293.63 K ,    43.4 % ,    96.817 kPa
75627 ,    293.61 K ,    43.4 % ,    96.806 kPa
76634 ,    293.59 K ,    43.5 % ,    96.796 kPa
77640 ,    293.58 K ,    43.5 % ,    96.789 kPa
78646 ,    293.56 K ,    43.5 % ,    96.781 kPa
79652 ,    293.53 K ,    43.6 % ,    96.770 kPa
80659 ,    293.53 K ,    43.6 % ,    96.764 kPa
81666 ,    293.50 K ,    43.6 % ,    96.754 kPa
82672 ,    293.47 K ,    43.7 % ,    96.741 kPa
83679 ,    293.46 K ,    43.7 % ,    96.736 kPa
84684 ,    293.43 K ,    43.7 % ,    96.724 kPa
85691 ,    293.41 K ,    43.7 % ,    96.716 kPa
86697 ,    293.39 K ,    43.8 % ,    96.707 kPa
87704 ,    293.37 K ,    43.8 % ,    96.702 kPa
88711 ,    293.36 K ,    43.8 % ,    96.694 kPa
89716 ,    293.34 K ,    43.9 % ,    96.685 kPa
90723 ,    293.32 K ,    43.9 % ,    96.674 kPa
91729 ,    293.30 K ,    43.9 % ,    96.667 kPa
92736 ,    293.28 K ,    44.0 % ,    96.658 kPa
93743 ,    293.26 K ,    44.0 % ,    96.648 kPa
94748 ,    293.23 K ,    44.0 % ,    96.635 kPa
95755 ,    293.21 K ,    44.1 % ,    96.630 kPa
96761 ,    293.20 K ,    44.1 % ,    96.624 kPa
97768 ,    293.17 K ,    44.2 % ,    96.613 kPa
98775 ,    293.15 K ,    44.2 % ,    96.605 kPa
99780 ,    293.13 K ,    44.2 % ,    96.597 kPa
100787 ,    293.10 K ,    44.3 % ,    96.587 kPa
101793 ,    293.09 K ,    44.3 % ,    96.582 kPa
102800 ,    293.07 K ,    44.3 % ,    96.576 kPa
103806 ,    293.05 K ,    44.4 % ,    96.567 kPa
104813 ,    293.02 K ,    44.4 % ,    96.556 kPa
105819 ,    292.99 K ,    44.4 % ,    96.543 kPa
106825 ,    292.98 K ,    44.5 % ,    96.535 kPa
107832 ,    292.96 K ,    44.5 % ,    96.530 kPa
108838 ,    292.94 K ,    44.6 % ,    96.523 kPa
109845 ,    292.91 K ,    44.6 % ,    96.515 kPa
110852 ,    292.90 K ,    44.6 % ,    96.507 kPa
111858 ,    292.88 K ,    44.7 % ,    96.500 kPa
112864 ,    292.86 K ,    44.7 % ,    96.494 kPa
113870 ,    292.84 K ,    44.7 % ,    96.486 kPa
114877 ,    292.80 K ,    44.8 % ,    96.478 kPa
115884 ,    292.79 K ,    44.8 % ,    96.467 kPa
116890 ,    292.76 K ,    44.9 % ,    96.456 kPa
117897 ,    292.74 K ,    44.9 % ,    96.450 kPa
118902 ,    292.72 K ,    44.9 % ,    96.442 kPa
119909 ,    292.70 K ,    45.0 % ,    96.434 kPa
120915 ,    292.68 K ,    45.0 % ,    96.427 kPa
121922 ,    292.66 K ,    45.0 % ,    96.424 kPa
122929 ,    292.63 K ,    45.1 % ,    96.415 kPa
123935 ,    292.61 K ,    45.1 % ,    96.408 kPa
124942 ,    292.60 K ,    45.1 % ,    96.402 kPa
125947 ,    292.57 K ,    45.2 % ,    96.396 kPa
126954 ,    292.54 K ,    45.2 % ,    96.387 kPa
127961 ,    292.52 K ,    45.3 % ,    96.376 kPa
128967 ,    292.50 K ,    45.3 % ,    96.371 kPa
129974 ,    292.47 K ,    45.4 % ,    96.363 kPa
130980 ,    292.44 K ,    45.4 % ,    96.357 kPa
131987 ,    292.42 K ,    45.4 % ,    96.349 kPa
132993 ,    292.40 K ,    45.5 % ,    96.343 kPa
133999 ,    292.38 K ,    45.5 % ,    96.337 kPa
135006 ,    292.36 K ,    45.6 % ,    96.329 kPa
136012 ,    292.34 K ,    45.6 % ,    96.322 kPa
137019 ,    292.32 K ,    45.6 % ,    96.314 kPa
138025 ,    292.30 K ,    45.7 % ,    96.307 kPa
139031 ,    292.27 K ,    45.8 % ,    96.293 kPa
140038 ,    292.24 K ,    45.8 % ,    96.285 kPa
141044 ,    292.21 K ,    45.8 % ,    96.279 kPa
142051 ,    292.19 K ,    45.9 % ,    96.268 kPa
143057 ,    292.18 K ,    45.9 % ,    96.266 kPa
144064 ,    292.15 K ,    46.0 % ,    96.260 kPa
145071 ,    292.12 K ,    46.0 % ,    96.251 kPa
146076 ,    292.09 K ,    46.0 % ,    96.245 kPa
147083 ,    292.07 K ,    46.1 % ,    96.241 kPa
148089 ,    292.05 K ,    46.1 % ,    96.233 kPa
149096 ,    292.03 K ,    46.1 % ,    96.224 kPa
150103 ,    292.01 K ,    46.2 % ,    96.215 kPa
151109 ,    291.97 K ,    46.3 % ,    96.207 kPa
152116 ,    291.95 K ,    46.3 % ,    96.204 kPa
153121 ,    291.93 K ,    46.3 % ,    96.195 kPa
154128 ,    291.91 K ,    46.4 % ,    96.189 kPa
155134 ,    291.89 K ,    46.4 % ,    96.184 kPa
156141 ,    291.86 K ,    46.5 % ,    96.175 kPa
157148 ,    291.83 K ,    46.5 % ,    96.168 kPa
158154 ,    291.81 K ,    46.5 % ,    96.166 kPa
159160 ,    291.78 K ,    46.6 % ,    96.156 kPa
160166 ,    291.77 K ,    46.6 % ,    96.151 kPa
161173 ,    291.74 K ,    46.7 % ,    96.144 kPa
162180 ,    291.71 K ,    46.7 % ,    96.135 kPa
163186 ,    291.69 K ,    46.8 % ,    96.131 kPa
164193 ,    291.66 K ,    46.8 % ,    96.118 kPa
165199 ,    291.65 K ,    46.9 % ,    96.115 kPa
166205 ,    291.61 K ,    46.9 % ,    96.106 kPa
167212 ,    291.60 K ,    47.0 % ,    96.100 kPa
168218 ,    291.58 K ,    47.0 % ,    96.095 kPa
169225 ,    291.55 K ,    47.0 % ,    96.085 kPa
170231 ,    291.52 K ,    47.1 % ,    96.078 kPa
171238 ,    291.50 K ,    47.1 % ,    96.072 kPa
172243 ,    291.48 K ,    47.2 % ,    96.068 kPa
173250 ,    291.44 K ,    47.2 % ,    96.055 kPa
174257 ,    291.42 K ,    47.3 % ,    96.049 kPa
175263 ,    291.40 K ,    47.3 % ,    96.043 kPa
176270 ,    291.38 K ,    47.4 % ,    96.038 kPa
177276 ,    291.35 K ,    47.4 % ,    96.028 kPa
178283 ,    291.33 K ,    47.5 % ,    96.024 kPa
179289 ,    291.31 K ,    47.5 % ,    96.015 kPa
180295 ,    291.28 K ,    47.6 % ,    96.005 kPa
181302 ,    291.26 K ,    47.6 % ,    96.003 kPa
182308 ,    291.24 K ,    47.7 % ,    95.998 kPa
183315 ,    291.22 K ,    47.7 % ,    95.994 kPa
184322 ,    291.19 K ,    47.7 % ,    95.986 kPa
185327 ,    291.15 K ,    47.8 % ,    95.978 kPa
186334 ,    291.14 K ,    47.8 % ,    95.976 kPa
187340 ,    291.11 K ,    47.9 % ,    95.967 kPa
188347 ,    291.08 K ,    47.9 % ,    95.961 kPa
189353 ,    291.07 K ,    48.0 % ,    95.960 kPa
190360 ,    291.04 K ,    48.0 % ,    95.953 kPa
191367 ,    291.01 K ,    48.1 % ,    95.941 kPa
192372 ,    290.99 K ,    48.1 % ,    95.939 kPa
193379 ,    290.97 K ,    48.2 % ,    95.933 kPa
194385 ,    290.95 K ,    48.2 % ,    95.928 kPa
195392 ,    290.92 K ,    48.2 % ,    95.923 kPa
196399 ,    290.90 K ,    48.3 % ,    95.912 kPa
197405 ,    290.88 K ,    48.3 % ,    95.909 kPa
198411 ,    290.85 K ,    48.4 % ,    95.902 kPa
199417 ,    290.81 K ,    48.5 % ,    95.894 kPa
200424 ,    290.79 K ,    48.5 % ,    95.891 kPa
201431 ,    290.76 K ,    48.5 % ,    95.885 kPa
202437 ,    290.75 K ,    48.6 % ,    95.878 kPa
203444 ,    290.73 K ,    48.6 % ,    95.870 kPa
204450 ,    290.70 K ,    48.7 % ,    95.867 kPa
205456 ,    290.68 K ,    48.8 % ,    95.862 kPa
206462 ,    290.66 K ,    48.8 % ,    95.856 kPa
207469 ,    290.63 K ,    48.8 % ,    95.849 kPa
208476 ,    290.61 K ,    48.9 % ,    95.844 kPa
209482 ,    290.59 K ,    48.9 % ,    95.836 kPa
210489 ,    290.57 K ,    49.1 % ,    95.831 kPa
211494 ,    290.53 K ,    49.0 % ,    95.822 kPa
212501 ,    290.50 K ,    49.1 % ,    95.818 kPa
213508 ,    290.48 K ,    49.1 % ,    95.811 kPa
214514 ,    290.46 K ,    49.2 % ,    95.808 kPa
215521 ,    290.44 K ,    49.2 % ,    95.803 kPa
216527 ,    290.42 K ,    49.3 % ,    95.797 kPa
217534 ,    290.39 K ,    49.3 % ,    95.792 kPa
218540 ,    290.36 K ,    49.4 % ,    95.785 kPa
219546 ,    290.34 K ,    49.4 % ,    95.782 kPa
220553 ,    290.32 K ,    49.5 % ,    95.779 kPa
221559 ,    290.30 K ,    49.5 % ,    95.773 kPa
222566 ,    290.28 K ,    49.5 % ,    95.767 kPa
223572 ,    290.25 K ,    49.6 % ,    95.764 kPa
224578 ,    290.22 K ,    49.7 % ,    95.756 kPa
225585 ,    290.19 K ,    49.7 % ,    95.752 kPa
226591 ,    290.17 K ,    49.8 % ,    95.747 kPa
227598 ,    290.15 K ,    49.8 % ,    95.742 kPa
228604 ,    290.13 K ,    49.9 % ,    95.738 kPa
229611 ,    290.11 K ,    49.9 % ,    95.731 kPa
230618 ,    290.09 K ,    50.0 % ,    95.727 kPa
231623 ,    290.06 K ,    50.0 % ,    95.722 kPa
232630 ,    290.04 K ,    50.1 % ,    95.718 kPa
233636 ,    290.03 K ,    50.1 % ,    95.712 kPa
234643 ,    290.00 K ,    50.2 % ,    95.706 kPa
235650 ,    289.98 K ,    50.2 % ,    95.706 kPa
236656 ,    289.95 K ,    50.3 % ,    95.695 kPa
237663 ,    289.93 K ,    50.3 % ,    95.690 kPa
238668 ,    289.89 K ,    50.4 % ,    95.683 kPa
239675 ,    289.88 K ,    50.4 % ,    95.681 kPa
240681 ,    289.86 K ,    50.5 % ,    95.674 kPa
241688 ,    289.83 K ,    50.5 % ,    95.670 kPa
242695 ,    289.81 K ,    50.6 % ,    95.662 kPa
243701 ,    289.79 K ,    50.6 % ,    95.661 kPa
244707 ,    289.77 K ,    50.7 % ,    95.653 kPa
245713 ,    289.75 K ,    50.7 % ,    95.649 kPa
246720 ,    289.72 K ,    50.7 % ,    95.641 kPa
247727 ,    289.70 K ,    50.8 % ,    95.636 kPa
248733 ,    289.67 K ,    50.9 % ,    95.631 kPa
249740 ,    289.64 K ,    50.9 % ,    95.624 kPa
250746 ,    289.62 K ,    50.9 % ,    95.618 kPa
251752 ,    289.60 K ,    51.0 % ,    95.614 kPa
252759 ,    289.58 K ,    51.0 % ,    95.611 kPa
253765 ,    289.55 K ,    51.1 % ,    95.605 kPa
254772 ,    289.53 K ,    51.1 % ,    95.601 kPa
255778 ,    289.50 K ,    51.2 % ,    95.600 kPa
256785 ,    289.48 K ,    51.2 % ,    95.595 kPa
257790 ,    289.46 K ,    51.3 % ,    95.591 kPa
258797 ,    289.44 K ,    51.3 % ,    95.589 kPa
259804 ,    289.42 K ,    51.4 % ,    95.583 kPa
260810 ,    289.39 K ,    51.4 % ,    95.575 kPa
261817 ,    289.36 K ,    51.5 % ,    95.571 kPa
262823 ,    289.34 K ,    51.5 % ,    95.567 kPa
263830 ,    289.32 K ,    51.6 % ,    95.562 kPa
264836 ,    289.29 K ,    51.6 % ,    95.558 kPa
265842 ,    289.27 K ,    51.7 % ,    95.552 kPa
266849 ,    289.24 K ,    51.7 % ,    95.549 kPa
267855 ,    289.23 K ,    51.8 % ,    95.545 kPa
268862 ,    289.21 K ,    51.8 % ,    95.542 kPa
269869 ,    289.18 K ,    51.9 % ,    95.536 kPa
270875 ,    289.17 K ,    51.9 % ,    95.532 kPa
271881 ,    289.15 K ,    52.0 % ,    95.528 kPa
272887 ,    289.12 K ,    51.9 % ,    95.522 kPa
273894 ,    289.09 K ,    52.1 % ,    95.517 kPa
274900 ,    289.07 K ,    52.1 % ,    95.512 kPa
275907 ,    289.05 K ,    52.2 % ,    95.507 kPa
276914 ,    289.03 K ,    52.2 % ,    95.507 kPa
277919 ,    289.00 K ,    52.3 % ,    95.500 kPa
278926 ,    288.99 K ,    52.3 % ,    95.498 kPa
279932 ,    288.96 K ,    52.4 % ,    95.491 kPa
280939 ,    288.95 K ,    52.4 % ,    95.489 kPa
281946 ,    288.92 K ,    52.4 % ,    95.483 kPa
282952 ,    288.90 K ,    52.5 % ,    95.478 kPa
283959 ,    288.88 K ,    52.6 % ,    95.472 kPa
284964 ,    288.87 K ,    52.6 % ,    95.472 kPa
285971 ,    288.83 K ,    52.7 % ,    95.467 kPa
286978 ,    288.82 K ,    52.7 % ,    95.461 kPa
287984 ,    288.79 K ,    52.8 % ,    95.454 kPa
288991 ,    288.77 K ,    52.8 % ,    95.450 kPa
289997 ,    288.74 K ,    52.9 % ,    95.444 kPa
291004 ,    288.72 K ,    52.9 % ,    95.439 kPa
292009 ,    288.70 K ,    52.9 % ,    95.436 kPa
293016 ,    288.68 K ,    53.0 % ,    95.432 kPa
294023 ,    288.66 K ,    53.0 % ,    95.428 kPa
295029 ,    288.65 K ,    53.1 % ,    95.423 kPa
296036 ,    288.62 K ,    53.1 % ,    95.418 kPa
297042 ,    288.59 K ,    53.2 % ,    95.411 kPa
298048 ,    288.56 K ,    53.2 % ,    95.408 kPa
299055 ,    288.54 K ,    53.3 % ,    95.403 kPa
300061 ,    288.52 K ,    53.3 % ,    95.395 kPa
301068 ,    288.50 K ,    53.4 % ,    95.394 kPa
302074 ,    288.48 K ,    53.4 % ,    95.392 kPa
303081 ,    288.46 K ,    53.5 % ,    95.386 kPa
304088 ,    288.44 K ,    53.5 % ,    95.388 kPa
305093 ,    288.42 K ,    53.6 % ,    95.382 kPa
306100 ,    288.40 K ,    53.6 % ,    95.381 kPa
307106 ,    288.38 K ,    53.6 % ,    95.374 kPa
308113 ,    288.36 K ,    53.7 % ,    95.372 kPa
309120 ,    288.34 K ,    53.7 % ,    95.369 kPa
310126 ,    288.32 K ,    53.8 % ,    95.368 kPa
311132 ,    288.28 K ,    53.8 % ,    95.357 kPa
312138 ,    288.26 K ,    53.9 % ,    95.351 kPa
313145 ,    288.24 K ,    53.9 % ,    95.347 kPa
314151 ,    288.22 K ,    54.0 % ,    95.345 kPa
315158 ,    288.20 K ,    54.0 % ,    95.341 kPa
316165 ,    288.18 K ,    54.1 % ,    95.337 kPa
317171 ,    288.16 K ,    54.1 % ,    95.332 kPa
318177 ,    288.14 K ,    54.2 % ,    95.329 kPa
319183 ,    288.12 K ,    54.2 % ,    95.329 kPa
320190 ,    288.10 K ,    54.3 % ,    95.323 kPa
321197 ,    288.08 K ,    54.3 % ,    95.313 kPa
322203 ,    288.05 K ,    54.3 % ,    95.313 kPa
323210 ,    288.04 K ,    54.4 % ,    95.309 kPa
324216 ,    288.00 K ,    54.5 % ,    95.306 kPa
325222 ,    287.99 K ,    54.5 % ,    95.304 kPa
326228 ,    287.96 K ,    54.5 % ,    95.296 kPa
327235 ,    287.95 K ,    54.6 % ,    95.293 kPa
328242 ,    287.92 K ,    54.6 % ,    95.289 kPa
329248 ,    287.90 K ,    54.7 % ,    95.287 kPa
330255 ,    287.89 K ,    54.7 % ,    95.287 kPa
331261 ,    287.86 K ,    54.7 % ,    95.279 kPa
332267 ,    287.85 K ,    54.8 % ,    95.278 kPa
333274 ,    287.82 K ,    54.8 % ,    95.270 kPa
334280 ,    287.81 K ,    54.9 % ,    95.270 kPa
335287 ,    287.79 K ,    54.9 % ,    95.267 kPa
336293 ,    287.77 K ,    55.0 % ,    95.263 kPa
337300 ,    287.75 K ,    55.0 % ,    95.261 kPa
338306 ,    287.72 K ,    55.1 % ,    95.251 kPa
339312 ,    287.69 K ,    55.1 % ,    95.247 kPa
340319 ,    287.68 K ,    55.2 % ,    95.246 kPa
341325 ,    287.66 K ,    55.2 % ,    95.242 kPa
342332 ,    287.64 K ,    55.3 % ,    95.238 kPa
343339 ,    287.62 K ,    55.3 % ,    95.236 kPa
344345 ,    287.60 K ,    55.3 % ,    95.231 kPa
345351 ,    287.57 K ,    55.4 % ,    95.227 kPa
346357 ,    287.56 K ,    55.4 % ,    95.221 kPa
347364 ,    287.54 K ,    55.5 % ,    95.219 kPa
348370 ,    287.52 K ,    55.5 % ,    95.212 kPa
349377 ,    287.50 K ,    55.6 % ,    95.213 kPa
350384 ,    287.48 K ,    55.6 % ,    95.208 kPa
351390 ,    287.46 K ,    55.7 % ,    95.203 kPa
352396 ,    287.43 K ,    55.7 % ,    95.199 kPa
353402 ,    287.42 K ,    55.8 % ,    95.195 kPa
354409 ,    287.40 K ,    55.8 % ,    95.192 kPa
355416 ,    287.38 K ,    55.9 % ,    95.187 kPa
356422 ,    287.36 K ,    55.9 % ,    95.186 kPa
357429 ,    287.35 K ,    55.9 % ,    95.179 kPa
358435 ,    287.32 K ,    56.0 % ,    95.176 kPa
359441 ,    287.30 K ,    56.0 % ,    95.172 kPa
360448 ,    287.27 K ,    56.0 % ,    95.167 kPa
361454 ,    287.27 K ,    56.1 % ,    95.163 kPa
362461 ,    287.25 K ,    56.1 % ,    95.162 kPa
363467 ,    287.22 K ,    56.2 % ,    95.154 kPa
364474 ,    287.20 K ,    56.2 % ,    95.153 kPa
365479 ,    287.18 K ,    56.3 % ,    95.146 kPa
366486 ,    287.16 K ,    56.3 % ,    95.143 kPa
367493 ,    287.14 K ,    56.3 % ,    95.140 kPa
368499 ,    287.12 K ,    56.4 % ,    95.139 kPa
369506 ,    287.11 K ,    56.4 % ,    95.134 kPa
370512 ,    287.09 K ,    56.5 % ,    95.131 kPa
371519 ,    287.07 K ,    56.5 % ,    95.127 kPa
372525 ,    287.04 K ,    56.5 % ,    95.125 kPa
373531 ,    287.02 K ,    56.6 % ,    95.122 kPa
374538 ,    287.01 K ,    56.6 % ,    95.117 kPa
375544 ,    286.99 K ,    56.6 % ,    95.116 kPa
376551 ,    286.97 K ,    56.7 % ,    95.109 kPa
377558 ,    286.94 K ,    56.7 % ,    95.103 kPa
378564 ,    286.92 K ,    56.8 % ,    95.100 kPa
379570 ,    286.89 K ,    56.8 % ,    95.093 kPa
380576 ,    286.88 K ,    56.8 % ,    95.094 kPa
381583 ,    286.85 K ,    56.9 % ,    95.090 kPa
382589 ,    286.83 K ,    56.9 % ,    95.086 kPa
383596 ,    286.82 K ,    57.0 % ,    95.085 kPa
384603 ,    286.80 K ,    57.0 % ,    95.083 kPa
385609 ,    286.79 K ,    57.0 % ,    95.078 kPa
386615 ,    286.76 K ,    57.1 % ,    95.074 kPa
387621 ,    286.74 K ,    57.1 % ,    95.073 kPa
388628 ,    286.73 K ,    57.2 % ,    95.070 kPa
389635 ,    286.72 K ,    57.2 % ,    95.066 kPa
390641 ,    286.70 K ,    57.2 % ,    95.064 kPa
391648 ,    286.66 K ,    57.3 % ,    95.056 kPa
392653 ,    286.66 K ,    57.3 % ,    95.055 kPa
393660 ,    286.63 K ,    57.4 % ,    95.050 kPa
394667 ,    286.61 K ,    57.4 % ,    95.044 kPa
395673 ,    286.60 K ,    57.4 % ,    95.045 kPa
396680 ,    286.57 K ,    57.5 % ,    95.036 kPa
397686 ,    286.56 K ,    57.5 % ,    95.036 kPa
398693 ,    286.54 K ,    57.6 % ,    95.033 kPa
399698 ,    286.53 K ,    57.6 % ,    95.029 kPa
400705 ,    286.50 K ,    57.6 % ,    95.023 kPa
401712 ,    286.49 K ,    57.7 % ,    95.021 kPa
402718 ,    286.47 K ,    57.7 % ,    95.021 kPa
403725 ,    286.44 K ,    57.8 % ,    95.017 kPa
404731 ,    286.43 K ,    57.8 % ,    95.015 kPa
405737 ,    286.41 K ,    57.8 % ,    95.011 kPa
406744 ,    286.39 K ,    57.9 % ,    95.008 kPa
407750 ,    286.36 K ,    57.9 % ,    95.004 kPa
408757 ,    286.35 K ,    58.0 % ,    95.002 kPa
409763 ,    286.32 K ,    58.0 % ,    94.997 kPa
410770 ,    286.31 K ,    58.0 % ,    94.997 kPa
411777 ,    286.30 K ,    58.1 % ,    94.993 kPa
412782 ,    286.28 K ,    58.1 % ,    94.991 kPa
413789 ,    286.26 K ,    58.1 % ,    94.989 kPa
414795 ,    286.24 K ,    58.2 % ,    94.987 kPa
415802 ,    286.22 K ,    58.2 % ,    94.985 kPa
416808 ,    286.21 K ,    58.3 % ,    94.981 kPa
417815 ,    286.20 K ,    58.3 % ,    94.977 kPa
418822 ,    286.16 K ,    58.3 % ,    94.971 kPa
419827 ,    286.14 K ,    58.4 % ,    94.970 kPa
420834 ,    286.14 K ,    58.4 % ,    94.970 kPa
421840 ,    286.11 K ,    58.5 % ,    94.965 kPa
422847 ,    286.10 K ,    58.5 % ,    94.962 kPa
423854 ,    286.08 K ,    58.6 % ,    94.957 kPa
424860 ,    286.06 K ,    58.6 % ,    94.959 kPa
425866 ,    286.04 K ,    58.6 % ,    94.955 kPa
426872 ,    286.03 K ,    58.7 % ,    94.955 kPa
427879 ,    286.00 K ,    58.7 % ,    94.950 kPa
428886 ,    285.99 K ,    58.7 % ,    94.950 kPa
429892 ,    285.97 K ,    58.8 % ,    94.944 kPa
430899 ,    285.95 K ,    58.8 % ,    94.942 kPa
431905 ,    285.93 K ,    58.9 % ,    94.942 kPa
432911 ,    285.92 K ,    58.9 % ,    94.938 kPa
433917 ,    285.90 K ,    59.0 % ,    94.934 kPa
434924 ,    285.88 K ,    59.0 % ,    94.933 kPa
435931 ,    285.86 K ,    59.0 % ,    94.930 kPa
436937 ,    285.83 K ,    59.1 % ,    94.927 kPa
437944 ,    285.82 K ,    59.1 % ,    94.927 kPa
438949 ,    285.80 K ,    59.1 % ,    94.925 kPa
439956 ,    285.80 K ,    59.2 % ,    94.919 kPa
440963 ,    285.77 K ,    59.2 % ,    94.914 kPa
441969 ,    285.75 K ,    59.3 % ,    94.918 kPa
442976 ,    285.74 K ,    59.3 % ,    94.913 kPa
443982 ,    285.72 K ,    59.3 % ,    94.908 kPa
444989 ,    285.70 K ,    59.4 % ,    94.908 kPa
445995 ,    285.69 K ,    59.4 % ,    94.907 kPa
447001 ,    285.67 K ,    59.5 % ,    94.906 kPa
448008 ,    285.66 K ,    59.5 % ,    94.903 kPa
449014 ,    285.64 K ,    59.5 % ,    94.903 kPa
450021 ,    285.60 K ,    59.6 % ,    94.894 kPa
451027 ,    285.59 K ,    59.6 % ,    94.894 kPa
452034 ,    285.58 K ,    59.7 % ,    94.892 kPa
453040 ,    285.56 K ,    59.7 % ,    94.889 kPa
454046 ,    285.54 K ,    59.8 % ,    94.886 kPa
455053 ,    285.52 K ,    59.8 % ,    94.886 kPa
456059 ,    285.51 K ,    59.8 % ,    94.882 kPa
457066 ,    285.48 K ,    59.9 % ,    94.879 kPa
458073 ,    285.47 K ,    59.9 % ,    94.875 kPa
459078 ,    285.46 K ,    60.0 % ,    94.876 kPa
460085 ,    285.44 K ,    60.0 % ,    94.872 kPa
461091 ,    285.43 K ,    60.0 % ,    94.871 kPa
462098 ,    285.41 K ,    60.1 % ,    94.867 kPa
463105 ,    285.39 K ,    60.1 % ,    94.866 kPa
464111 ,    285.38 K ,    60.1 % ,    94.865 kPa
465118 ,    285.35 K ,    60.2 % ,    94.859 kPa
466123 ,    285.33 K ,    60.2 % ,    94.859 kPa
467130 ,    285.31 K ,    60.3 % ,    94.854 kPa
468136 ,    285.30 K ,    60.3 % ,    94.852 kPa
469143 ,    285.28 K ,    60.3 % ,    94.849 kPa
470150 ,    285.27 K ,    60.4 % ,    94.852 kPa
471156 ,    285.25 K ,    60.4 % ,    94.849 kPa
472162 ,    285.23 K ,    60.5 % ,    94.849 kPa
473168 ,    285.22 K ,    60.5 % ,    94.844 kPa
474175 ,    285.20 K ,    60.5 % ,    94.842 kPa
475182 ,    285.19 K ,    60.6 % ,    94.842 kPa
476188 ,    285.16 K ,    60.6 % ,    94.836 kPa
477195 ,    285.16 K ,    60.6 % ,    94.837 kPa
478201 ,    285.13 K ,    60.7 % ,    94.832 kPa
479207 ,    285.12 K ,    60.7 % ,    94.833 kPa
480214 ,    285.10 K ,    60.8 % ,    94.828 kPa
481220 ,    285.09 K ,    60.8 % ,    94.827 kPa
482227 ,    285.06 K ,    60.9 % ,    94.823 kPa
483233 ,    285.04 K ,    60.9 % ,    94.822 kPa
484240 ,    285.03 K ,    60.9 % ,    94.821 kPa
485246 ,    285.02 K ,    61.0 % ,    94.816 kPa
486252 ,    285.00 K ,    61.0 % ,    94.817 kPa
487259 ,    284.98 K ,    61.0 % ,    94.818 kPa
488265 ,    284.97 K ,    61.1 % ,    94.817 kPa
489272 ,    284.95 K ,    61.1 % ,    94.815 kPa
490278 ,    284.94 K ,    61.2 % ,    94.812 kPa
491285 ,    284.92 K ,    61.2 % ,    94.809 kPa
492291 ,    284.91 K ,    61.2 % ,    94.811 kPa
493297 ,    284.89 K ,    61.3 % ,    94.804 kPa
494304 ,    284.87 K ,    61.4 % ,    94.801 kPa
495310 ,    284.86 K ,    61.4 % ,    94.800 kPa
496317 ,    284.85 K ,    61.4 % ,    94.799 kPa
497324 ,    284.82 K ,    61.4 % ,    94.797 kPa
498330 ,    284.81 K ,    61.5 % ,    94.796 kPa
499336 ,    284.80 K ,    61.5 % ,    94.792 kPa
500342 ,    284.79 K ,    61.6 % ,    94.792 kPa
501349 ,    284.77 K ,    61.6 % ,    94.786 kPa
502355 ,    284.75 K ,    61.6 % ,    94.784 kPa
503362 ,    284.74 K ,    61.7 % ,    94.781 kPa
504369 ,    284.73 K ,    61.7 % ,    94.783 kPa
505375 ,    284.70 K ,    61.8 % ,    94.778 kPa
506381 ,    284.69 K ,    61.8 % ,    94.776 kPa
507387 ,    284.67 K ,    61.8 % ,    94.774 kPa
508394 ,    284.66 K ,    61.8 % ,    94.770 kPa
509401 ,    284.64 K ,    61.5 % ,    94.767 kPa
510407 ,    284.62 K ,    62.0 % ,    94.765 kPa
511414 ,    284.60 K ,    62.0 % ,    94.761 kPa
512420 ,    284.59 K ,    62.0 % ,    94.762 kPa
513426 ,    284.58 K ,    62.0 % ,    94.758 kPa
514433 ,    284.56 K ,    62.1 % ,    94.754 kPa
515439 ,    284.55 K ,    62.1 % ,    94.755 kPa
516446 ,    284.53 K ,    62.1 % ,    94.752 kPa
517452 ,    284.51 K ,    62.2 % ,    94.748 kPa
518459 ,    284.50 K ,    62.2 % ,    94.749 kPa
519465 ,    284.48 K ,    62.2 % ,    94.743 kPa
520471 ,    284.47 K ,    62.3 % ,    94.744 kPa
521478 ,    284.46 K ,    62.3 % ,    94.741 kPa
522484 ,    284.45 K ,    62.3 % ,    94.744 kPa
523491 ,    284.41 K ,    62.4 % ,    94.740 kPa
524497 ,    284.41 K ,    62.4 % ,    94.738 kPa
525504 ,    284.39 K ,    62.4 % ,    94.736 kPa
526511 ,    284.37 K ,    62.5 % ,    94.735 kPa
527516 ,    284.36 K ,    62.5 % ,    94.730 kPa
528523 ,    284.33 K ,    62.5 % ,    94.732 kPa
529529 ,    284.32 K ,    62.5 % ,    94.730 kPa
530536 ,    284.31 K ,    62.6 % ,    94.725 kPa
531543 ,    284.30 K ,    62.6 % ,    94.728 kPa
532549 ,    284.28 K ,    62.7 % ,    94.725 kPa
533556 ,    284.26 K ,    62.7 % ,    94.723 kPa
534561 ,    284.24 K ,    62.7 % ,    94.720 kPa
535568 ,    284.23 K ,    62.7 % ,    94.716 kPa
536574 ,    284.22 K ,    62.8 % ,    94.716 kPa
537581 ,    284.20 K ,    62.8 % ,    94.716 kPa
538588 ,    284.20 K ,    62.9 % ,    94.716 kPa
539594 ,    284.18 K ,    62.9 % ,    94.710 kPa
540601 ,    284.15 K ,    62.9 % ,    94.707 kPa
541606 ,    284.14 K ,    63.0 % ,    94.702 kPa
542613 ,    284.13 K ,    63.0 % ,    94.702 kPa
543620 ,    284.11 K ,    63.0 % ,    94.698 kPa
544626 ,    284.09 K ,    63.1 % ,    94.695 kPa
545633 ,    284.08 K ,    63.1 % ,    94.698 kPa
546639 ,    284.06 K ,    63.1 % ,    94.695 kPa
547645 ,    284.05 K ,    63.2 % ,    94.694 kPa
548652 ,    284.03 K ,    63.2 % ,    94.692 kPa
549658 ,    284.02 K ,    63.2 % ,    94.690 kPa
550665 ,    284.00 K ,    63.3 % ,    94.685 kPa
551671 ,    283.99 K ,    63.3 % ,    94.684 kPa
552678 ,    283.98 K ,    63.3 % ,    94.682 kPa
553684 ,    283.96 K ,    63.3 % ,    94.680 kPa
554690 ,    283.95 K ,    63.4 % ,    94.679 kPa
555697 ,    283.93 K ,    63.4 % ,    94.675 kPa
556703 ,    283.92 K ,    63.5 % ,    94.675 kPa
557710 ,    283.90 K ,    63.5 % ,    94.675 kPa
558716 ,    283.89 K ,    63.5 % ,    94.671 kPa
559723 ,    283.87 K ,    63.6 % ,    94.668 kPa
560730 ,    283.86 K ,    63.6 % ,    94.669 kPa
561735 ,    283.85 K ,    63.6 % ,    94.669 kPa
562742 ,    283.83 K ,    63.6 % ,    94.666 kPa
563748 ,    283.81 K ,    63.7 % ,    94.661 kPa
564755 ,    283.79 K ,    63.7 % ,    94.659 kPa
565762 ,    283.78 K ,    63.7 % ,    94.658 kPa
566768 ,    283.77 K ,    63.7 % ,    94.658 kPa
567774 ,    283.76 K ,    63.8 % ,    94.662 kPa
568780 ,    283.75 K ,    63.8 % ,    94.657 kPa
569787 ,    283.73 K ,    63.9 % ,    94.660 kPa
570793 ,    283.72 K ,    63.9 % ,    94.655 kPa
571800 ,    283.69 K ,    63.9 % ,    94.652 kPa
572807 ,    283.68 K ,    63.9 % ,    94.651 kPa
573813 ,    283.67 K ,    64.0 % ,    94.649 kPa
574819 ,    283.65 K ,    64.0 % ,    94.648 kPa
575825 ,    283.64 K ,    64.1 % ,    94.646 kPa
576832 ,    283.63 K ,    64.1 % ,    94.645 kPa
577839 ,    283.62 K ,    64.1 % ,    94.645 kPa
578845 ,    283.59 K ,    64.2 % ,    94.641 kPa
579852 ,    283.59 K ,    64.2 % ,    94.638 kPa
580858 ,    283.57 K ,    64.2 % ,    94.637 kPa
581864 ,    283.57 K ,    64.2 % ,    94.640 kPa
582871 ,    283.54 K ,    64.3 % ,    94.637 kPa
583877 ,    283.53 K ,    64.3 % ,    94.635 kPa
584884 ,    283.52 K ,    64.3 % ,    94.632 kPa
585890 ,    283.50 K ,    64.4 % ,    94.636 kPa
586897 ,    283.49 K ,    64.4 % ,    94.634 kPa
587904 ,    283.48 K ,    64.4 % ,    94.632 kPa
588909 ,    283.46 K ,    64.5 % ,    94.631 kPa
589916 ,    283.44 K ,    64.5 % ,    94.629 kPa
590922 ,    283.44 K ,    64.5 % ,    94.630 kPa
591929 ,    283.41 K ,    64.6 % ,    94.625 kPa
592935 ,    283.40 K ,    64.6 % ,    94.624 kPa
593942 ,    283.39 K ,    64.6 % ,    94.626 kPa
594949 ,    283.38 K ,    64.7 % ,    94.624 kPa
595954 ,    283.36 K ,    64.7 % ,    94.624 kPa
596961 ,    283.35 K ,    64.7 % ,    94.619 kPa
597967 ,    283.34 K ,    64.7 % ,    94.620 kPa
598974 ,    283.32 K ,    64.8 % ,    94.619 kPa
599981 ,    283.31 K ,    64.8 % ,    94.620 kPa
600987 ,    283.30 K ,    64.8 % ,    94.619 kPa
601994 ,    283.29 K ,    64.9 % ,    94.618 kPa
602999 ,    283.27 K ,    64.9 % ,    94.616 kPa
604006 ,    283.25 K ,    65.0 % ,    94.612 kPa
605012 ,    283.24 K ,    65.0 % ,    94.614 kPa
606019 ,    283.23 K ,    65.0 % ,    94.609 kPa
607026 ,    283.20 K ,    65.1 % ,    94.609 kPa
608032 ,    283.20 K ,    65.1 % ,    94.609 kPa
609039 ,    283.18 K ,    65.1 % ,    94.609 kPa
610044 ,    283.18 K ,    65.1 % ,    94.609 kPa
611051 ,    283.16 K ,    65.2 % ,    94.606 kPa
612058 ,    283.14 K ,    65.2 % ,    94.607 kPa
613064 ,    283.13 K ,    65.2 % ,    94.604 kPa
614071 ,    283.11 K ,    65.3 % ,    94.604 kPa
615077 ,    283.11 K ,    65.3 % ,    94.605 kPa
616084 ,    283.09 K ,    65.3 % ,    94.605 kPa
617090 ,    283.08 K ,    65.4 % ,    94.605 kPa
618096 ,    283.07 K ,    65.4 % ,    94.605 kPa
619103 ,    283.05 K ,    65.4 % ,    94.604 kPa
620109 ,    283.04 K ,    65.5 % ,    94.603 kPa
621116 ,    283.02 K ,    65.5 % ,    94.601 kPa
622123 ,    283.00 K ,    65.6 % ,    94.597 kPa
623129 ,    282.99 K ,    65.6 % ,    94.599 kPa
624135 ,    282.97 K ,    65.6 % ,    94.597 kPa
625141 ,    282.96 K ,    65.6 % ,    94.596 kPa
626148 ,    282.96 K ,    65.7 % ,    94.597 kPa
627154 ,    282.95 K ,    65.7 % ,    94.597 kPa
628161 ,    282.93 K ,    65.7 % ,    94.596 kPa
629168 ,    282.91 K ,    65.8 % ,    94.595 kPa
630174 ,    282.91 K ,    65.8 % ,    94.595 kPa
631180 ,    282.89 K ,    65.8 % ,    94.591 kPa
632186 ,    282.88 K ,    65.9 % ,    94.590 kPa
633193 ,    282.87 K ,    65.9 % ,    94.590 kPa
634200 ,    282.85 K ,    65.9 % ,    94.591 kPa
635206 ,    282.83 K ,    66.0 % ,    94.587 kPa
636213 ,    282.84 K ,    66.0 % ,    94.587 kPa
637218 ,    282.81 K ,    66.1 % ,    94.585 kPa
638225 ,    282.80 K ,    66.1 % ,    94.586 kPa
639232 ,    282.78 K ,    66.1 % ,    94.581 kPa
640238 ,    282.77 K ,    66.1 % ,    94.581 kPa
641245 ,    282.76 K ,    66.2 % ,    94.579 kPa
642251 ,    282.75 K ,    66.2 % ,    94.579 kPa
643258 ,    282.74 K ,    66.2 % ,    94.577 kPa
644263 ,    282.72 K ,    66.3 % ,    94.578 kPa
645270 ,    282.71 K ,    66.3 % ,    94.576 kPa
646277 ,    282.71 K ,    66.3 % ,    94.578 kPa
647283 ,    282.69 K ,    66.4 % ,    94.575 kPa
648290 ,    282.67 K ,    66.4 % ,    94.577 kPa
649296 ,    282.66 K ,    66.4 % ,    94.575 kPa
650303 ,    282.65 K ,    66.4 % ,    94.573 kPa
651310 ,    282.64 K ,    66.5 % ,    94.574 kPa
652315 ,    282.63 K ,    66.5 % ,    94.574 kPa
653322 ,    282.61 K ,    66.5 % ,    94.574 kPa
654328 ,    282.60 K ,    66.6 % ,    94.571 kPa
655335 ,    282.58 K ,    66.6 % ,    94.570 kPa
656342 ,    282.57 K ,    66.6 % ,    94.570 kPa
657348 ,    282.56 K ,    66.7 % ,    94.572 kPa
658355 ,    282.55 K ,    66.7 % ,    94.571 kPa
659360 ,    282.54 K ,    66.7 % ,    94.569 kPa
660367 ,    282.53 K ,    66.7 % ,    94.565 kPa
661373 ,    282.51 K ,    66.8 % ,    94.567 kPa
662380 ,    282.50 K ,    66.8 % ,    94.565 kPa
663387 ,    282.50 K ,    66.8 % ,    94.569 kPa
664393 ,    282.49 K ,    66.9 % ,    94.566 kPa
665400 ,    282.47 K ,    66.9 % ,    94.564 kPa
666405 ,    282.46 K ,    66.9 % ,    94.565 kPa
667412 ,    282.44 K ,    67.0 % ,    94.563 kPa
668419 ,    282.44 K ,    67.0 % ,    94.563 kPa
669425 ,    282.43 K ,    67.0 % ,    94.561 kPa
670432 ,    282.41 K ,    67.0 % ,    94.561 kPa
671438 ,    282.40 K ,    67.1 % ,    94.559 kPa
672445 ,    282.39 K ,    67.1 % ,    94.558 kPa
673451 ,    282.38 K ,    67.1 % ,    94.556 kPa
674457 ,    282.36 K ,    67.1 % ,    94.556 kPa
675464 ,    282.35 K ,    67.2 % ,    94.554 kPa
676470 ,    282.33 K ,    67.2 % ,    94.554 kPa
677477 ,    282.32 K ,    67.2 % ,    94.556 kPa
678483 ,    282.32 K ,    67.3 % ,    94.557 kPa
679490 ,    282.30 K ,    67.3 % ,    94.551 kPa
680496 ,    282.28 K ,    67.3 % ,    94.554 kPa
681502 ,    282.29 K ,    67.3 % ,    94.553 kPa
682509 ,    282.28 K ,    67.4 % ,    94.554 kPa
683515 ,    282.26 K ,    67.4 % ,    94.551 kPa
684522 ,    282.25 K ,    67.4 % ,    94.549 kPa
685529 ,    282.24 K ,    67.4 % ,    94.551 kPa
686535 ,    282.22 K ,    67.5 % ,    94.550 kPa
687541 ,    282.21 K ,    67.5 % ,    94.550 kPa
688547 ,    282.20 K ,    67.5 % ,    94.550 kPa
689554 ,    282.18 K ,    67.6 % ,    94.547 kPa
690561 ,    282.17 K ,    67.6 % ,    94.547 kPa
691567 ,    282.17 K ,    67.6 % ,    94.549 kPa
692574 ,    282.15 K ,    67.6 % ,    94.542 kPa
693580 ,    282.13 K ,    67.7 % ,    94.543 kPa
694586 ,    282.13 K ,    67.7 % ,    94.543 kPa
695592 ,    282.12 K ,    67.7 % ,    94.541 kPa
696599 ,    282.10 K ,    67.7 % ,    94.538 kPa
697606 ,    282.09 K ,    67.8 % ,    94.541 kPa
698612 ,    282.08 K ,    67.8 % ,    94.540 kPa
699619 ,    282.07 K ,    67.8 % ,    94.537 kPa
700625 ,    282.06 K ,    67.8 % ,    94.537 kPa
701631 ,    282.05 K ,    67.9 % ,    94.537 kPa
702638 ,    282.03 K ,    67.9 % ,    94.533 kPa
703644 ,    282.02 K ,    67.9 % ,    94.533 kPa
704651 ,    282.01 K ,    68.0 % ,    94.532 kPa
705657 ,    282.00 K ,    68.0 % ,    94.533 kPa
706664 ,    282.00 K ,    68.0 % ,    94.534 kPa
707671 ,    281.98 K ,    68.0 % ,    94.533 kPa
708676 ,    281.97 K ,    68.1 % ,    94.537 kPa
709683 ,    281.96 K ,    68.1 % ,    94.535 kPa
710689 ,    281.95 K ,    68.1 % ,    94.531 kPa
711696 ,    281.94 K ,    68.1 % ,    94.533 kPa
712702 ,    281.93 K ,    68.2 % ,    94.534 kPa
713709 ,    281.92 K ,    68.2 % ,    94.533 kPa
714716 ,    281.91 K ,    68.2 % ,    94.536 kPa
715721 ,    281.90 K ,    68.2 % ,    94.536 kPa
716728 ,    281.89 K ,    68.3 % ,    94.533 kPa
717734 ,    281.88 K ,    68.3 % ,    94.535 kPa
718741 ,    281.88 K ,    68.3 % ,    94.533 kPa
719748 ,    281.86 K ,    68.3 % ,    94.534 kPa
720754 ,    281.85 K ,    68.4 % ,    94.532 kPa
721761 ,    281.83 K ,    68.4 % ,    94.531 kPa
722766 ,    281.82 K ,    68.4 % ,    94.530 kPa
723773 ,    281.82 K ,    68.4 % ,    94.529 kPa
724780 ,    281.81 K ,    68.5 % ,    94.530 kPa
725786 ,    281.79 K ,    68.5 % ,    94.529 kPa
726793 ,    281.78 K ,    68.5 % ,    94.528 kPa
727799 ,    281.76 K ,    68.5 % ,    94.526 kPa
728806 ,    281.75 K ,    68.6 % ,    94.525 kPa
729811 ,    281.75 K ,    68.6 % ,    94.524 kPa
730818 ,    281.74 K ,    68.6 % ,    94.524 kPa
731825 ,    281.73 K ,    68.6 % ,    94.523 kPa
732831 ,    281.72 K ,    68.7 % ,    94.522 kPa
733838 ,    281.70 K ,    68.7 % ,    94.522 kPa
734844 ,    281.69 K ,    68.7 % ,    94.520 kPa
735851 ,    281.68 K ,    68.8 % ,    94.523 kPa
736857 ,    281.66 K ,    68.8 % ,    94.520 kPa
737863 ,    281.65 K ,    68.8 % ,    94.518 kPa
738870 ,    281.65 K ,    68.8 % ,    94.521 kPa
739876 ,    281.63 K ,    68.9 % ,    94.518 kPa
740883 ,    281.62 K ,    68.9 % ,    94.522 kPa
741890 ,    281.62 K ,    68.9 % ,    94.520 kPa
742896 ,    281.61 K ,    68.9 % ,    94.517 kPa
743902 ,    281.59 K ,    68.9 % ,    94.520 kPa
744908 ,    281.58 K ,    69.0 % ,    94.516 kPa
745915 ,    281.57 K ,    69.0 % ,    94.517 kPa
746921 ,    281.56 K ,    69.0 % ,    94.516 kPa
747928 ,    281.56 K ,    69.0 % ,    94.519 kPa
748935 ,    281.54 K ,    69.1 % ,    94.517 kPa
749941 ,    281.53 K ,    69.1 % ,    94.516 kPa
750947 ,    281.52 K ,    69.1 % ,    94.517 kPa
751953 ,    281.51 K ,    69.1 % ,    94.516 kPa
752960 ,    281.50 K ,    69.1 % ,    94.518 kPa
753967 ,    281.48 K ,    69.2 % ,    94.513 kPa
754973 ,    281.48 K ,    69.2 % ,    94.517 kPa
755980 ,    281.46 K ,    69.2 % ,    94.515 kPa
756986 ,    281.45 K ,    69.2 % ,    94.514 kPa
757992 ,    281.44 K ,    69.3 % ,    94.514 kPa
758999 ,    281.43 K ,    69.3 % ,    94.510 kPa
760005 ,    281.42 K ,    69.3 % ,    94.510 kPa
761012 ,    281.40 K ,    69.3 % ,    94.507 kPa
762018 ,    281.41 K ,    69.3 % ,    94.514 kPa
763025 ,    281.38 K ,    69.4 % ,    94.511 kPa
764032 ,    281.38 K ,    69.4 % ,    94.508 kPa
765037 ,    281.37 K ,    69.4 % ,    94.511 kPa
766044 ,    281.35 K ,    69.5 % ,    94.508 kPa
767050 ,    281.34 K ,    69.5 % ,    94.509 kPa
768057 ,    281.34 K ,    69.5 % ,    94.508 kPa
769063 ,    281.32 K ,    69.5 % ,    94.508 kPa
770070 ,    281.32 K ,    69.5 % ,    94.510 kPa
771077 ,    281.30 K ,    69.5 % ,    94.511 kPa
772082 ,    281.30 K ,    69.6 % ,    94.508 kPa
773089 ,    281.29 K ,    69.6 % ,    94.511 kPa
774095 ,    281.28 K ,    69.6 % ,    94.512 kPa
775102 ,    281.27 K ,    69.7 % ,    94.508 kPa
776109 ,    281.26 K ,    69.7 % ,    94.511 kPa
777115 ,    281.25 K ,    69.7 % ,    94.510 kPa
778122 ,    281.24 K ,    69.7 % ,    94.510 kPa
779127 ,    281.23 K ,    69.7 % ,    94.509 kPa
780134 ,    281.22 K ,    69.8 % ,    94.511 kPa
781140 ,    281.21 K ,    69.8 % ,    94.509 kPa
782147 ,    281.20 K ,    69.8 % ,    94.508 kPa
783154 ,    281.18 K ,    69.8 % ,    94.512 kPa
784160 ,    281.17 K ,    69.9 % ,    94.509 kPa
785167 ,    281.16 K ,    69.9 % ,    94.509 kPa
786172 ,    281.16 K ,    69.9 % ,    94.508 kPa
787179 ,    281.15 K ,    69.9 % ,    94.509 kPa
788186 ,    281.14 K ,    69.9 % ,    94.511 kPa
789192 ,    281.13 K ,    70.0 % ,    94.508 kPa
790199 ,    281.11 K ,    70.0 % ,    94.509 kPa
791205 ,    281.10 K ,    70.0 % ,    94.511 kPa
792212 ,    281.09 K ,    70.0 % ,    94.510 kPa
793218 ,    281.09 K ,    70.1 % ,    94.510 kPa
794224 ,    281.08 K ,    70.1 % ,    94.510 kPa
795231 ,    281.07 K ,    70.1 % ,    94.512 kPa
796237 ,    281.06 K ,    70.1 % ,    94.512 kPa
797244 ,    281.05 K ,    70.2 % ,    94.511 kPa
798251 ,    281.05 K ,    70.2 % ,    94.511 kPa
799256 ,    281.04 K ,    70.2 % ,    94.514 kPa
800263 ,    281.02 K ,    70.2 % ,    94.511 kPa
801269 ,    281.01 K ,    70.2 % ,    94.510 kPa
802276 ,    281.00 K ,    70.3 % ,    94.511 kPa
803282 ,    281.00 K ,    70.3 % ,    94.511 kPa
804289 ,    280.98 K ,    70.3 % ,    94.511 kPa
805296 ,    280.97 K ,    70.3 % ,    94.507 kPa
806301 ,    280.97 K ,    70.4 % ,    94.511 kPa
807308 ,    280.96 K ,    70.4 % ,    94.510 kPa
808314 ,    280.95 K ,    70.4 % ,    94.509 kPa
809321 ,    280.94 K ,    70.4 % ,    94.509 kPa
810328 ,    280.93 K ,    70.5 % ,    94.511 kPa
811334 ,    280.93 K ,    70.5 % ,    94.511 kPa
812341 ,    280.92 K ,    70.5 % ,    94.509 kPa
813346 ,    280.91 K ,    70.3 % ,    94.508 kPa
814353 ,    280.89 K ,    70.6 % ,    94.507 kPa
815360 ,    280.88 K ,    70.6 % ,    94.511 kPa
816366 ,    280.88 K ,    70.6 % ,    94.510 kPa
817373 ,    280.87 K ,    70.6 % ,    94.508 kPa
818379 ,    280.86 K ,    70.7 % ,    94.507 kPa
819386 ,    280.86 K ,    70.7 % ,    94.510 kPa
820391 ,    280.85 K ,    70.7 % ,    94.508 kPa
821398 ,    280.83 K ,    70.7 % ,    94.510 kPa
822405 ,    280.81 K ,    70.7 % ,    94.510 kPa
823411 ,    280.81 K ,    70.8 % ,    94.507 kPa
824418 ,    280.80 K ,    70.8 % ,    94.504 kPa
825424 ,    280.79 K ,    70.8 % ,    94.506 kPa
826431 ,    280.78 K ,    70.8 % ,    94.508 kPa
827437 ,    280.77 K ,    70.8 % ,    94.508 kPa
828443 ,    280.76 K ,    70.9 % ,    94.506 kPa
829450 ,    280.74 K ,    70.8 % ,    94.506 kPa
830456 ,    280.74 K ,    70.9 % ,    94.506 kPa
831463 ,    280.73 K ,    70.9 % ,    94.509 kPa
832470 ,    280.72 K ,    71.0 % ,    94.505 kPa
833476 ,    280.71 K ,    71.0 % ,    94.508 kPa
834482 ,    280.70 K ,    71.0 % ,    94.509 kPa
835488 ,    280.69 K ,    71.0 % ,    94.506 kPa
836495 ,    280.69 K ,    71.0 % ,    94.506 kPa
837501 ,    280.68 K ,    71.1 % ,    94.507 kPa
838508 ,    280.66 K ,    71.1 % ,    94.504 kPa
839515 ,    280.66 K ,    71.1 % ,    94.509 kPa
840520 ,    280.65 K ,    71.1 % ,    94.503 kPa
841527 ,    280.63 K ,    71.1 % ,    94.506 kPa
842533 ,    280.64 K ,    71.2 % ,    94.507 kPa
843540 ,    280.62 K ,    71.2 % ,    94.504 kPa
844547 ,    280.61 K ,    71.2 % ,    94.504 kPa
845553 ,    280.61 K ,    71.2 % ,    94.506 kPa
846560 ,    280.59 K ,    71.2 % ,    94.503 kPa
847565 ,    280.58 K ,    71.2 % ,    94.504 kPa
848572 ,    280.58 K ,    71.3 % ,    94.506 kPa
849579 ,    280.57 K ,    71.3 % ,    94.507 kPa
850585 ,    280.56 K ,    71.3 % ,    94.507 kPa
851592 ,    280.55 K ,    71.3 % ,    94.505 kPa
852598 ,    280.55 K ,    71.3 % ,    94.506 kPa
853605 ,    280.54 K ,    71.3 % ,    94.505 kPa
854610 ,    280.52 K ,    71.4 % ,    94.504 kPa
855617 ,    280.51 K ,    71.4 % ,    94.509 kPa
856624 ,    280.51 K ,    71.4 % ,    94.508 kPa
857630 ,    280.50 K ,    71.4 % ,    94.508 kPa
858637 ,    280.49 K ,    71.5 % ,    94.506 kPa
859643 ,    280.48 K ,    71.5 % ,    94.509 kPa
860650 ,    280.47 K ,    71.5 % ,    94.506 kPa
861656 ,    280.46 K ,    71.5 % ,    94.505 kPa
862662 ,    280.45 K ,    71.5 % ,    94.505 kPa
863669 ,    280.44 K ,    71.5 % ,    94.509 kPa
864675 ,    280.43 K ,    71.6 % ,    94.507 kPa
865682 ,    280.42 K ,    71.6 % ,    94.509 kPa
866689 ,    280.41 K ,    71.6 % ,    94.506 kPa
867695 ,    280.40 K ,    71.6 % ,    94.510 kPa
868701 ,    280.40 K ,    71.6 % ,    94.507 kPa
869707 ,    280.39 K ,    71.6 % ,    94.510 kPa
870714 ,    280.37 K ,    71.7 % ,    94.507 kPa
871720 ,    280.37 K ,    71.7 % ,    94.505 kPa
872727 ,    280.36 K ,    71.7 % ,    94.510 kPa
873734 ,    280.35 K ,    71.7 % ,    94.510 kPa
874739 ,    280.34 K ,    71.7 % ,    94.509 kPa
875746 ,    280.34 K ,    71.7 % ,    94.511 kPa
876752 ,    280.33 K ,    71.8 % ,    94.510 kPa
877759 ,    280.32 K ,    71.8 % ,    94.514 kPa
878766 ,    280.31 K ,    71.8 % ,    94.509 kPa
879772 ,    280.30 K ,    71.8 % ,    94.512 kPa
880779 ,    280.29 K ,    71.8 % ,    94.512 kPa
881784 ,    280.28 K ,    71.9 % ,    94.514 kPa
882791 ,    280.28 K ,    71.9 % ,    94.514 kPa
883798 ,    280.27 K ,    71.9 % ,    94.514 kPa
884804 ,    280.27 K ,    71.9 % ,    94.516 kPa
885811 ,    280.26 K ,    71.9 % ,    94.515 kPa
886817 ,    280.24 K ,    72.0 % ,    94.513 kPa
887824 ,    280.23 K ,    72.0 % ,    94.515 kPa
888829 ,    280.23 K ,    72.0 % ,    94.515 kPa
889836 ,    280.22 K ,    72.0 % ,    94.515 kPa
890843 ,    280.22 K ,    72.0 % ,    94.513 kPa
891849 ,    280.21 K ,    72.0 % ,    94.517 kPa
892856 ,    280.20 K ,    72.0 % ,    94.517 kPa
893862 ,    280.19 K ,    72.1 % ,    94.518 kPa
894869 ,    280.17 K ,    72.1 % ,    94.515 kPa
895875 ,    280.17 K ,    72.1 % ,    94.516 kPa
896881 ,    280.15 K ,    72.1 % ,    94.517 kPa
897888 ,    280.15 K ,    72.2 % ,    94.517 kPa
898894 ,    280.15 K ,    72.2 % ,    94.518 kPa
899901 ,    280.13 K ,    72.2 % ,    94.515 kPa
900908 ,    280.13 K ,    72.2 % ,    94.518 kPa
901914 ,    280.11 K ,    72.2 % ,    94.519 kPa
902920 ,    280.10 K ,    72.3 % ,    94.520 kPa
903926 ,    280.10 K ,    72.2 % ,    94.517 kPa
904933 ,    280.09 K ,    72.3 % ,    94.516 kPa
905939 ,    280.09 K ,    72.3 % ,    94.517 kPa
906946 ,    280.08 K ,    72.3 % ,    94.519 kPa
907953 ,    280.07 K ,    72.3 % ,    94.517 kPa
908959 ,    280.06 K ,    72.4 % ,    94.521 kPa
909965 ,    280.06 K ,    72.4 % ,    94.520 kPa
910971 ,    280.05 K ,    72.4 % ,    94.519 kPa
911978 ,    280.04 K ,    72.4 % ,    94.520 kPa
912985 ,    280.03 K ,    72.4 % ,    94.520 kPa
913991 ,    280.02 K ,    72.4 % ,    94.521 kPa
914998 ,    280.01 K ,    72.4 % ,    94.519 kPa
916004 ,    280.00 K ,    72.5 % ,    94.520 kPa
917010 ,    279.99 K ,    72.5 % ,    94.516 kPa
918017 ,    279.99 K ,    72.5 % ,    94.518 kPa
919023 ,    279.97 K ,    72.5 % ,    94.520 kPa
920030 ,    279.97 K ,    72.5 % ,    94.523 kPa
921036 ,    279.96 K ,    72.5 % ,    94.520 kPa
922043 ,    279.95 K ,    72.6 % ,    94.521 kPa
923048 ,    279.94 K ,    72.6 % ,    94.520 kPa
924055 ,    279.94 K ,    72.6 % ,    94.521 kPa
925062 ,    279.93 K ,    72.6 % ,    94.523 kPa
926068 ,    279.92 K ,    72.6 % ,    94.523 kPa
927075 ,    279.92 K ,    72.6 % ,    94.523 kPa
928081 ,    279.91 K ,    72.6 % ,    94.523 kPa
929088 ,    279.90 K ,    72.7 % ,    94.519 kPa
930094 ,    279.89 K ,    72.7 % ,    94.522 kPa
931100 ,    279.89 K ,    72.7 % ,    94.524 kPa
932107 ,    279.89 K ,    72.7 % ,    94.523 kPa
933113 ,    279.87 K ,    72.7 % ,    94.525 kPa
934120 ,    279.86 K ,    72.7 % ,    94.523 kPa
935127 ,    279.85 K ,    72.8 % ,    94.525 kPa
936133 ,    279.85 K ,    72.8 % ,    94.523 kPa
937139 ,    279.83 K ,    72.8 % ,    94.526 kPa
938145 ,    279.82 K ,    72.8 % ,    94.525 kPa
939152 ,    279.81 K ,    72.8 % ,    94.522 kPa
940158 ,    279.81 K ,    72.8 % ,    94.525 kPa
941165 ,    279.80 K ,    72.8 % ,    94.525 kPa
942172 ,    279.80 K ,    72.9 % ,    94.528 kPa
943178 ,    279.79 K ,    72.9 % ,    94.531 kPa
944184 ,    279.79 K ,    72.9 % ,    94.529 kPa
945190 ,    279.77 K ,    72.9 % ,    94.526 kPa
946197 ,    279.76 K ,    72.9 % ,    94.531 kPa
947204 ,    279.76 K ,    72.9 % ,    94.534 kPa
948210 ,    279.75 K ,    73.0 % ,    94.534 kPa
949217 ,    279.75 K ,    72.9 % ,    94.536 kPa
950223 ,    279.74 K ,    73.0 % ,    94.532 kPa
951229 ,    279.74 K ,    73.0 % ,    94.538 kPa
952236 ,    279.73 K ,    73.0 % ,    94.537 kPa
953242 ,    279.71 K ,    73.0 % ,    94.536 kPa
954249 ,    279.71 K ,    73.0 % ,    94.538 kPa
955255 ,    279.70 K ,    73.1 % ,    94.538 kPa
956262 ,    279.69 K ,    73.1 % ,    94.539 kPa
957268 ,    279.68 K ,    73.1 % ,    94.539 kPa
958275 ,    279.67 K ,    73.1 % ,    94.540 kPa
959281 ,    279.66 K ,    73.1 % ,    94.539 kPa
960287 ,    279.66 K ,    73.1 % ,    94.542 kPa
961294 ,    279.65 K ,    73.1 % ,    94.541 kPa
962300 ,    279.65 K ,    73.2 % ,    94.539 kPa
963307 ,    279.64 K ,    73.2 % ,    94.540 kPa
964314 ,    279.63 K ,    73.2 % ,    94.542 kPa
965320 ,    279.62 K ,    73.2 % ,    94.538 kPa
966326 ,    279.62 K ,    73.2 % ,    94.542 kPa
967332 ,    279.61 K ,    73.2 % ,    94.546 kPa
968339 ,    279.61 K ,    73.2 % ,    94.545 kPa
969346 ,    279.60 K ,    73.2 % ,    94.549 kPa
970352 ,    279.60 K ,    73.3 % ,    94.550 kPa
971359 ,    279.58 K ,    73.3 % ,    94.547 kPa
972365 ,    279.58 K ,    73.3 % ,    94.548 kPa
973371 ,    279.57 K ,    73.3 % ,    94.551 kPa
974377 ,    279.56 K ,    73.3 % ,    94.551 kPa
975384 ,    279.56 K ,    73.4 % ,    94.551 kPa
976391 ,    279.55 K ,    73.4 % ,    94.553 kPa
977397 ,    279.53 K ,    73.4 % ,    94.550 kPa
978404 ,    279.53 K ,    73.4 % ,    94.553 kPa
979410 ,    279.52 K ,    73.4 % ,    94.553 kPa
980416 ,    279.51 K ,    73.4 % ,    94.551 kPa
981423 ,    279.51 K ,    73.4 % ,    94.551 kPa
982429 ,    279.50 K ,    73.4 % ,    94.549 kPa
983436 ,    279.49 K ,    73.5 % ,    94.553 kPa
984442 ,    279.48 K ,    73.5 % ,    94.549 kPa
985449 ,    279.48 K ,    73.5 % ,    94.552 kPa
986456 ,    279.47 K ,    73.5 % ,    94.552 kPa
987461 ,    279.46 K ,    73.5 % ,    94.551 kPa
988468 ,    279.45 K ,    73.5 % ,    94.553 kPa
989474 ,    279.45 K ,    73.5 % ,    94.553 kPa
990481 ,    279.44 K ,    73.3 % ,    94.556 kPa
991488 ,    279.43 K ,    73.6 % ,    94.555 kPa
992494 ,    279.43 K ,    73.6 % ,    94.554 kPa
993501 ,    279.42 K ,    73.6 % ,    94.555 kPa
994506 ,    279.42 K ,    73.6 % ,    94.557 kPa
995513 ,    279.40 K ,    73.6 % ,    94.555 kPa
996519 ,    279.40 K ,    73.6 % ,    94.552 kPa
997526 ,    279.38 K ,    73.7 % ,    94.553 kPa
998533 ,    279.38 K ,    73.7 % ,    94.558 kPa
999539 ,    279.38 K ,    73.7 % ,    94.555 kPa
1000546 ,    279.37 K ,    73.7 % ,    94.557 kPa
1001551 ,    279.36 K ,    73.7 % ,    94.556 kPa
1002558 ,    279.35 K ,    73.7 % ,    94.557 kPa
1003565 ,    279.35 K ,    73.7 % ,    94.560 kPa
1004571 ,    279.34 K ,    73.8 % ,    94.562 kPa
1005578 ,    279.33 K ,    73.8 % ,    94.560 kPa
1006584 ,    279.32 K ,    73.8 % ,    94.562 kPa
1007591 ,    279.32 K ,    73.8 % ,    94.560 kPa
1008598 ,    279.31 K ,    74.3 % ,    94.561 kPa
1009604 ,    279.31 K ,    73.8 % ,    94.561 kPa
1010611 ,    279.30 K ,    73.8 % ,    94.562 kPa
1011616 ,    279.29 K ,    73.8 % ,    94.562 kPa
1012623 ,    279.28 K ,    73.8 % ,    94.564 kPa
1013629 ,    279.27 K ,    73.9 % ,    94.563 kPa
1014636 ,    279.27 K ,    73.9 % ,    94.563 kPa
1015643 ,    279.26 K ,    73.9 % ,    94.561 kPa
1016649 ,    279.25 K ,    73.9 % ,    94.561 kPa
1017656 ,    279.25 K ,    73.9 % ,    94.567 kPa
